;VAAgro%;Densidade;Urbanizacao;Populacao;Balanco;Receita;DespesaAgro
Adamantina;4,660;82,150;94,530;33794,000;1,238;87,701;2,561
Adolfo;48,220;16,860;89,970;3558,000;1,161;16,176;0,279
Aguaí;23,630;67,640;90,210;32113,000;2,316;57,609;0,000
Águas da Prata;1,540;53,020;89,270;7580,000;1,116;21,327;0,000
Águas de Lindóia;1,750;286,990;99,100;17257,000;2,557;44,688;0,000
Águas de Santa Bárbara;40,190;13,820;76,050;5598,000;2,066;24,455;0,272
Águas de São Pedro;0,000;487,180;100,000;2699,000;0,188;19,838;0,000
Agudos;11,270;35,710;95,570;34506,000;0,400;83,801;0,211
Alambari;53,620;30,590;75,180;4872,000;0,746;12,422;0,001
Alfredo Marcondes;10,170;32,850;83,650;3889,000;0,382;10,938;0,820
Altair;36,960;12,150;79,200;3813,000;0,249;13,107;0,127
Altinópolis;27,240;16,800;87,370;15606,000;1,994;41,462;0,759
Alto Alegre;32,830;12,860;78,840;4103,000;0,790;12,976;0,070
Alumínio;0,300;201,110;83,870;16825,000;1,528;77,991;0,000
Álvares Florence;22,620;10,750;67,950;3900,000;0,583;13,704;0,434
Álvares Machado;5,490;67,670;90,090;23506,000;2,794;43,542;0,985
Álvaro de Carvalho;17,120;30,330;63,490;4645,000;1,323;9,749;0,032
Alvinlândia;24,930;35,370;89,760;2999,000;0,069;10,480;0,157
Americana;0,110;1570,870;99,530;210387,000;11,456;587,782;0,000
Américo Brasiliense;3,220;280,440;99,240;34421,000;4,007;60,696;0,000
Américo de Campos;27,410;22,540;83,910;5705,000;1,647;13,501;0,348
Amparo;2,490;147,640;78,710;65782,000;3,377;162,226;0,418
Analândia;37,100;13,160;79,380;4287,000;0,069;20,694;0,163
Andradina;5,710;57,390;93,340;55333,000;NA;NA;NA
Angatuba;21,560;21,580;71,830;22184,000;0,365;45,917;0,619
Anhembi;49,220;7,660;75,540;5643,000;1,467;27,906;0,512
Anhumas;29,950;11,660;81,850;3735,000;0,087;13,387;0,197
Aparecida;1,590;289,110;98,550;35006,000;3,532;80,759;0,000
Aparecida d'Oeste;34,230;24,880;81,900;4454,000;1,211;12,014;0,162
Apiaí;15,870;25,870;72,320;25207,000;2,594;44,794;0,886
Araçariguama;0,080;117,210;100,000;17019,000;4,157;70,181;0,052
Araçatuba;2,640;155,450;98,070;181473,000;3,449;389,289;0,597
Araçoiaba da Serra;2,610;106,590;68,740;27226,000;1,816;54,911;0,495
Aramina;21,300;25,380;93,470;5149,000;0,180;16,315;0,154
Arandu;40,610;21,420;75,360;6123,000;0,671;17,751;0,230
Arapeí;12,720;15,900;75,220;2494,000;0,006;13,799;1,265
Araraquara;2,240;207,670;97,160;208429,000;32,101;520,986;14,860
Araras;2,800;184,100;94,620;118713,000;11,619;317,132;0,768
Arco Íris;25,510;7,280;56,980;1927,000;0,184;9,628;0,675
Arealva;27,840;15,520;78,760;7836,000;0,996;17,762;0,470
Areias;21,240;12,110;67,040;3695,000;0,834;13,373;0,203
Areiópolis;8,930;123,320;88,860;10577,000;NA;NA;NA
Ariranha;2,620;64,120;94,710;8537,000;1,957;34,388;0,287
Artur Nogueira;4,760;247,550;90,540;44071,000;4,685;90,943;0,332
Arujá;0,230;777,840;96,010;74758,000;0,246;151,635;0,000
Aspásia;40,450;26,090;69,490;1809,000;0,505;8,691;0,226
Assis;2,260;206,550;95,640;95075,000;7,646;184,015;0,000
Atibaia;1,980;264,290;91,020;126467,000;7,718;317,449;5,259
Auriflama;7,950;32,710;91,170;14196,000;1,242;25,245;0,909
Avaí;38,080;9,170;67,150;4956,000;0,430;14,244;0,236
Avanhandava;22,140;33,330;84,560;11287,000;1,207;23,636;0,077
Avaré;7,920;68,320;95,730;82878,000;9,327;174,037;2,161
Bady Bassitt;3,020;132,060;93,540;14574,000;3,262;34,856;0,061
Balbinos;6,820;40,050;32,180;3670,000;0,312;8,396;0,516
Bálsamo;19,950;54,140;91,600;8153,000;0,926;16,651;0,000
Bananal;8,230;16,580;79,790;10219,000;1,671;24,908;0,328
Barão de Antonina;18,510;20,330;61,390;3113,000;0,188;11,301;0,431
Barbosa;21,490;32,100;84,560;6586,000;0,321;15,450;0,170
Bariri;6,930;71,080;94,880;31563,000;0,494;59,847;0,130
Barra Bonita;5,850;235,130;97,900;35248,000;2,148;86,339;0,000
Barra do Chapéu;18,760;12,920;29,440;5241,000;0,247;12,839;0,569
Barra do Turvo;6,490;7,670;41,060;7732,000;1,588;22,747;0,964
Barretos;9,690;71,560;96,950;112030,000;21,541;341,159;0,000
Barrinha;5,530;195,390;98,890;28457,000;NA;NA;NA
Barueri;0,000;3660,510;100,000;240459,000;94,273;1790,510;0,000
Bastos;10,780;118,950;86,120;20446,000;2,433;40,092;0,884
Batatais;9,000;66,420;88,440;56429,000;1,792;114,199;0,357
Bauru;0,270;514,760;98,330;343695,000;29,061;752,001;1,045
Bebedouro;4,590;109,810;95,290;75033,000;15,047;168,736;0,783
Bento de Abreu;34,970;8,870;91,390;2672,000;0,179;14,084;0,149
Bernardino de Campos;9,180;44,120;89,630;10775,000;0,701;20,778;0,227
Bertioga;0,650;96,830;98,370;47462,000;9,753;250,172;0,000
Bilac;10,470;44,580;91,960;7039,000;1,232;19,020;0,258
Birigui;2,520;204,550;97,020;108599,000;13,532;225,105;1,624
Biritiba Mirim;13,920;89,920;85,830;28540,000;1,215;49,474;0,122
Boa Esperança do Sul;30,230;19,740;89,290;13636,000;0,122;33,255;0,155
Bocaina;12,780;29,800;92,140;10846,000;1,442;28,961;0,000
Bofete;31,900;14,680;63,760;9597,000;0,708;29,159;6,319
Boituva;1,290;193,520;94,070;48177,000;0,188;111,851;0,732
Bom Jesus dos Perdões;2,040;181,270;88,170;19644,000;0,913;44,839;0,321
Bom Sucesso de Itararé;15,930;26,710;68,050;3568,000;0,112;10,905;0,277
Borá;24,500;6,800;77,890;805,000;0,240;7,532;0,118
Boracéia;8,520;34,910;89,680;4263,000;0,804;15,271;0,040
Borborema;36,490;26,290;90,130;14517,000;0,069;29,684;0,502
Borebi;49,670;6,580;87,210;2290,000;0,281;13,566;0,000
Botucatu;5,320;85,760;96,350;127156,000;1,079;241,462;0,715
Bragança Paulista;1,840;285,880;96,940;146548,000;4,034;305,967;0,298
Braúna;20,040;25,670;87,440;5015,000;0,169;16,058;0,052
Brejo Alegre;8,240;24,390;81,990;2571,000;0,565;10,722;0,277
Brodowski;8,890;75,670;97,580;21070,000;0,682;46,514;0,000
Brotas;21,320;19,570;86,180;21556,000;0,380;56,465;0,109
Buri;39,340;15,520;80,770;18555,000;2,509;46,741;0,403
Buritama;8,690;47,140;94,220;15404,000;0,637;46,768;0,411
Buritizal;7,240;15,200;81,580;4050,000;0,203;19,688;0,242
Cabrália Paulista;65,970;18,200;86,540;4367,000;1,520;11,913;0,026
Cabreúva;0,690;159,570;84,750;41525,000;1,595;91,065;0,496
Caçapava;0,580;229,460;85,560;84676,000;5,275;172,020;0,194
Cachoeira Paulista;3,280;104,400;81,660;30066,000;0,363;52,728;0,713
Caconde;8,830;39,440;68,180;18537,000;0,447;38,787;3,069
Cafelândia;28,640;18,040;86,870;16600,000;0,036;32,907;0,071
Caiabu;41,050;16,110;81,410;4072,000;NA;NA;NA
Caieiras;0,840;898,950;97,520;86389,000;14,494;158,470;0,000
Caiuá;23,660;9,150;38,300;5031,000;NA;NA;NA
Cajamar;0,000;487,240;97,990;63989,000;1,001;266,952;0,000
Cajati;16,940;62,450;73,030;28379,000;1,898;71,102;0,165
Cajobi;30,550;55,190;93,500;9763,000;0,507;22,955;0,195
Cajuru;13,580;35,370;88,980;23348,000;1,041;43,771;0,043
Campina do Monte Alegre;42,480;30,070;84,600;5564,000;1,410;15,892;0,230
Campinas;0,150;1358,380;98,280;1079140,000;65,783;3153,630;0,191
Campo Limpo Paulista;0,140;931,750;100,000;73981,000;2,575;136,150;0,000
Campos do Jordão;0,190;164,650;99,380;47758,000;4,643;129,457;0,550
Campos Novos Paulista;31,520;9,370;77,730;4536,000;0,631;16,353;0,286
Cananéia;19,930;9,870;85,360;12227,000;0,432;31,843;0,814
Canas;5,670;82,200;92,830;4378,000;0,180;12,377;0,122
Cândido Mota;14,410;50,110;94,020;29879,000;5,473;71,245;1,416
Cândido Rodrigues;37,260;37,950;80,700;2668,000;0,284;11,745;0,057
Canitar;12,130;76,200;94,700;4361,000;0,204;14,946;0,137
Capão Bonito;28,300;28,160;81,910;46183,000;1,281;88,983;0,908
Capela do Alto;15,460;103,020;82,830;17502,000;0,455;36,078;0,105
Capivari;3,180;150,250;94,500;48512,000;9,327;134,649;3,175
Caraguatatuba;0,370;207,450;95,870;100634,000;28,595;328,618;0,001
Carapicuíba;0,040;10690,820;100,000;369368,000;5,839;308,954;0,000
Cardoso;25,870;18,450;90,890;11803,000;1,212;33,616;0,046
Casa Branca;32,920;32,740;81,790;28294,000;1,313;58,051;0,628
Cássia dos Coqueiros;28,800;13,750;68,130;2636,000;NA;NA;NA
Castilho;6,770;16,870;75,470;17975,000;0,255;60,161;1,424
Catanduva;1,860;388,020;99,200;112760,000;16,046;293,238;0,449
Catiguá;21,610;48,000;92,170;7122,000;0,418;14,166;0,156
Cedral;14,410;40,270;79,120;7960,000;0,472;21,845;0,082
Cerqueira César;13,820;34,230;89,640;17511,000;1,215;39,321;0,747
Cerquilho;0,550;309,230;94,830;39520,000;7,001;105,739;0,293
Cesário Lange;8,760;81,330;67,520;15516,000;1,314;36,144;0,287
Charqueada;10,000;85,680;90,730;15067,000;2,896;31,200;0,000
Chavantes;4,870;64,410;91,950;12115,000;0,775;25,364;0,073
Clementina;8,860;41,750;95,320;7049,000;0,334;19,438;0,350
Colina;14,020;41,090;93,390;17365,000;1,806;48,807;0,000
Colômbia;58,990;8,220;72,270;5994,000;0,007;30,903;0,840
Conchal;20,500;137,900;94,490;25207,000;2,672;63,441;0,234
Conchas;10,460;34,930;81,020;16276,000;1,187;35,204;1,065
Cordeirópolis;1,730;152,990;89,820;21048,000;2,504;88,126;0,000
Coroados;32,710;21,230;80,980;5231,000;0,346;12,574;0,057
Coronel Macedo;35,070;16,470;77,290;5006,000;0,173;14,015;0,294
Corumbataí;33,010;13,900;54,010;3873,000;0,231;16,663;0,118
Cosmópolis;0,270;379,470;92,870;58689,000;0,574;113,058;0,351
Cosmorama;36,260;16,330;68,550;7215,000;0,394;18,188;0,579
Cotia;0,070;619,260;100,000;200647,000;10,608;481,195;0,001
Cravinhos;5,900;101,680;97,510;31662,000;2,961;78,146;0,000
Cristais Paulista;28,990;19,670;72,850;7579,000;0,551;18,316;0,374
Cruzália;23,020;15,280;66,400;2277,000;0,324;9,850;0,207
Cruzeiro;0,880;251,910;97,450;77009,000;3,833;132,533;0,000
Cubatão;0,000;830,270;100,000;118629,000;172,823;972,428;0,000
Cunha;13,440;15,540;55,650;21876,000;0,879;46,252;1,192
Descalvado;11,940;41,180;89,230;31038,000;6,513;77,857;2,421
Diadema;0,000;12527,210;100,000;385838,000;36,921;838,246;0,000
Dirce Reis;21,720;19,110;75,710;1688,000;0,793;9,216;0,149
Divinolândia;6,300;50,490;66,920;11215,000;1,256;24,536;0,147
Dobrada;16,560;52,970;97,770;7931,000;0,057;14,848;0,000
Dois Córregos;11,750;39,090;94,690;24741,000;2,525;52,064;1,288
Dolcinópolis;25,350;26,760;92,990;2096,000;0,041;9,147;0,380
Dourado;12,990;41,820;91,400;8609,000;0,493;19,443;0,201
Dracena;4,870;88,590;92,340;43234,000;0,070;80,543;3,526
Duartina;8,150;46,310;89,770;12253,000;1,553;25,456;0,152
Dumont;14,480;72,970;96,460;8126,000;1,687;18,605;0,000
Echaporã;33,460;12,270;79,640;6322,000;0,186;16,638;0,251
Eldorado;35,940;8,850;49,210;14637,000;6,950;34,593;4,189
Elias Fausto;4,260;77,740;79,600;15758,000;0,519;39,285;1,324
Elisiário;27,310;33,150;91,590;3115,000;0,150;12,297;0,354
Embaúba;42,220;29,150;85,020;2423,000;0,001;9,782;0,049
Embu das Artes;0,060;3408,710;100,000;239939,000;2,618;366,249;0,000
Embu-Guaçu;0,060;402,990;97,330;62718,000;0,424;105,237;0,172
Emilianópolis;28,610;13,450;82,680;3019,000;0,125;11,157;0,297
Engenheiro Coelho;12,590;142,460;73,140;15662,000;3,864;36,896;0,813
Espírito Santo do Pinhal;6,410;107,580;88,870;41895,000;0,674;74,276;1,189
Espírito Santo do Turvo;7,790;21,890;85,540;4239,000;0,073;15,496;0,561
Estiva Gerbi;7,550;135,200;79,760;10033,000;0,327;24,165;0,227
Estrela do Norte;28,920;10,090;78,970;2658,000;0,500;10,899;0,303
Estrela d'Oeste;7,090;27,690;83,220;8208,000;0,589;21,661;1,111
Euclides da Cunha Paulista;15,320;16,670;63,750;9590,000;1,506;22,346;0,374
Fartura;9,170;35,690;79,890;15317,000;NA;NA;NA
Fernando Prestes;24,820;32,420;84,890;5533,000;1,158;17,850;0,000
Fernandópolis;3,470;117,580;96,940;64670,000;0,025;123,057;4,937
Fernão;32,460;15,500;54,350;1562,000;1,401;9,699;0,478
Ferraz de Vasconcelos;0,040;5683,870;95,510;168072,000;NA;NA;NA
Flora Rica;20,660;7,790;80,910;1755,000;NA;NA;NA
Floreal;33,140;14,710;81,230;3005,000;1,958;13,925;0,260
Flórida Paulista;22,550;24,440;78,900;12832,000;1,090;26,321;0,279
Florínia;20,000;12,550;88,800;2831,000;0,019;13,434;0,235
Franca;1,050;525,640;98,240;318369,000;3,525;441,746;0,376
Francisco Morato;0,000;3144,220;99,800;154287,000;33,855;235,438;0,000
Franco da Rocha;0,440;979,350;92,130;131389,000;10,709;177,216;0,000
Gabriel Monteiro;10,310;19,550;83,350;2708,000;0,266;10,596;0,128
Gália;20,370;19,710;74,520;7018,000;1,161;15,133;0,300
Garça;10,410;77,600;90,900;43115,000;6,572;102,521;0,000
Gastão Vidigal;29,000;23,150;89,590;4188,000;1,282;11,925;0,425
Gavião Peixoto;8,530;18,120;80,910;4416,000;5,211;16,080;0,720
General Salgado;16,620;21,630;85,150;10670,000;1,470;31,270;0,574
Getulina;47,830;15,860;77,420;10762,000;0,503;22,525;0,229
Glicério;25,610;16,680;73,640;4564,000;0,766;14,416;0,247
Guaiçara;19,260;39,300;90,850;10657,000;0,802;24,162;0,132
Guaimbê;40,230;24,880;87,370;5423,000;0,513;16,711;0,202
Guaíra;15,120;29,700;96,400;37380,000;9,357;114,975;0,267
Guapiaçu;12,500;54,890;88,450;17834,000;1,055;48,933;0,303
Guapiara;19,240;44,120;40,190;18012,000;0,065;35,563;3,014
Guará;9,370;54,760;96,800;19850,000;0,045;50,153;0,029
Guaraçaí;31,980;14,810;78,880;8439,000;0,195;22,053;0,354
Guaraci;39,950;15,540;89,480;9966,000;1,229;36,163;0,945
Guarani d'Oeste;18,870;23,030;88,070;1970,000;0,058;8,750;0,278
Guarantã;33,320;13,880;85,290;6403,000;0,475;14,746;0,276
Guararapes;16,330;31,980;92,550;30582,000;1,256;55,562;0,000
Guararema;10,650;95,300;86,050;25808,000;11,977;141,031;0,128
Guaratinguetá;0,950;148,810;95,260;112004,000;2,977;216,055;0,050
Guareí;41,560;25,640;57,760;14522,000;0,669;25,599;0,658
Guariba;11,880;131,140;97,920;35447,000;1,198;75,041;0,000
Guarujá;0,750;2025,280;99,980;290526,000;23,561;834,777;0,000
Guarulhos;0,020;3830,340;100,000;1220653,000;196,369;2945,690;0,000
Guatapará;38,790;16,820;73,440;6961,000;1,982;21,133;0,142
Guzolândia;30,530;18,850;84,590;4750,000;0,842;12,414;0,129
Herculândia;16,410;23,830;91,090;8690,000;0,570;14,522;0,372
Holambra;12,520;171,650;72,430;11257,000;4,335;41,618;0,000
Hortolândia;0,010;3087,940;100,000;192317,000;21,251;489,414;0,000
Iacanga;9,010;18,260;87,150;9997,000;0,003;25,732;0,469
Iacri;33,300;19,910;78,670;6422,000;0,356;13,963;0,377
Iaras;51,780;15,790;44,500;6337,000;0,150;17,812;0,180
Ibaté;17,560;105,610;96,010;30696,000;1,403;59,396;0,267
Ibirá;19,560;40,020;92,190;10883,000;1,625;31,399;0,117
Ibirarema;20,660;29,410;92,380;6716,000;0,350;17,394;0,839
Ibitinga;10,320;77,040;96,050;53100,000;32,411;76,611;0,442
Ibiúna;6,060;67,250;35,010;71157,000;11,317;111,643;0,745
Icém;23,010;20,560;85,820;7456,000;0,205;24,876;0,237
Iepê;21,460;12,800;88,790;7625,000;1,518;22,759;0,610
Igaraçu do Tietê;4,450;239,010;99,430;23356,000;2,890;44,184;0,000
Igarapava;6,460;59,660;94,310;27934,000;1,880;62,586;0,013
Igaratá;11,440;30,130;79,320;8826,000;0,018;24,982;0,966
Iguape;18,740;14,580;85,600;28829,000;7,573;52,087;0,136
Ilha Comprida;2,120;46,900;100,000;9003,000;4,427;44,398;0,000
Ilha Solteira;2,170;38,400;93,840;25055,000;13,257;102,111;1,158
Ilhabela;1,990;80,930;99,310;28125,000;5,226;119,623;0,000
Indaiatuba;0,470;644,410;98,990;201089,000;86,825;656,540;0,000
Indiana;10,940;38,110;85,540;4826,000;0,043;12,281;0,358
Indiaporã;36,920;13,960;86,580;3904,000;0,059;17,174;0,629
Inúbia Paulista;13,580;41,490;87,510;3627,000;0,195;10,840;0,276
Ipaussu;5,790;65,120;92,130;13653,000;0,580;31,410;0,406
Iperó;1,790;165,600;61,710;28198,000;2,425;52,538;0,050
Ipeúna;5,600;31,580;86,070;6000,000;0,900;21,753;3,029
Ipiguá;28,740;32,820;60,440;4454,000;1,652;12,192;0,107
Iporanga;4,790;3,730;55,850;4301,000;0,483;15,862;0,236
Ipuã;20,160;30,320;95,860;14127,000;0,374;40,368;0,139
Iracemápolis;2,840;173,620;97,940;19987,000;0,446;48,093;0,099
Irapuã;33,920;28,190;89,200;7270,000;0,542;17,931;0,475
Irapuru;25,650;36,230;70,700;7786,000;NA;NA;NA
Itaberá;38,070;16,090;67,970;17867,000;1,224;32,202;0,625
Itaí;19,650;22,150;78,530;23982,000;6,663;59,580;0,507
Itajobi;30,520;28,990;83,410;14553,000;3,569;39,914;0,046
Itaju;30,060;14,100;72,750;3240,000;0,122;12,313;0,306
Itanhaém;2,060;144,460;99,060;86919,000;4,840;239,424;0,468
Itaóca;16,910;17,640;54,520;3228,000;0,537;10,440;0,505
Itapecerica da Serra;0,120;1010,190;99,170;152407,000;6,848;281,582;0,000
Itapetininga;19,930;80,550;90,770;144209,000;5,681;266,337;0,328
Itapeva;16,320;48,030;84,280;87711,000;0,178;191,934;1,514
Itapevi;0,000;2424,570;100,000;200415,000;19,189;350,900;0,000
Itapira;2,070;132,120;92,760;68492,000;9,857;172,385;1,554
Itapirapuã Paulista;15,940;9,540;48,770;3877,000;0,569;11,623;0,308
Itápolis;21,550;40,160;90,700;40031,000;3,191;69,864;0,506
Itaporanga;14,990;28,650;75,830;14547,000;7,248;33,319;0,577
Itapuí;3,580;86,340;95,540;12157,000;2,557;28,322;0,004
Itapura;24,390;14,440;79,920;4352,000;0,293;17,500;0,000
Itaquaquecetuba;0,150;3889,710;100,000;321329,000;2,436;393,936;0,000
Itararé;15,070;47,750;92,360;47922,000;3,915;89,122;1,625
Itariri;18,950;56,470;63,860;15455,000;0,204;26,001;0,000
Itatiba;0,950;314,320;84,420;101283,000;0,783;237,151;0,050
Itatinga;35,830;18,400;90,960;18029,000;0,289;46,775;0,103
Itirapina;28,680;27,440;90,190;15499,000;1,420;40,095;0,000
Itirapuã;14,700;36,680;83,350;5910,000;0,594;14,490;0,186
Itobi;16,690;54,200;90,110;7545,000;0,544;11,672;0,000
Itu;0,630;240,750;93,590;153980,000;13,735;394,358;0,000
Itupeva;0,930;222,380;86,840;44658,000;0,392;119,020;0,024
Ituverava;11,390;54,840;94,150;38674,000;12,861;104,989;0,000
Jaborandi;35,000;24,100;93,540;6591,000;1,183;21,192;0,046
Jaboticabal;9,690;101,370;97,020;71625,000;11,010;201,998;2,009
Jacareí;0,390;454,560;98,620;211040,000;2,024;538,126;0,950
Jaci;11,320;38,770;86,100;5642,000;0,231;14,328;0,240
Jacupiranga;27,000;24,440;54,440;17207,000;0,703;32,625;3,052
Jaguariúna;0,510;312,320;97,120;44162,000;3,486;223,016;0,000
Jales;7,360;127,550;94,100;47005,000;1,285;85,839;1,706
Jambeiro;2,160;28,940;47,880;5336,000;1,505;23,787;0,396
Jandira;0,000;6200,290;100,000;108195,000;1,394;200,467;0,000
Jardinópolis;8,270;74,860;95,970;37597,000;4,584;81,443;0,244
Jarinu;3,450;114,530;77,280;23780,000;1,032;54,916;0,617
Jaú;2,410;190,840;96,870;130870,000;15,296;252,172;2,322
Jeriquara;18,390;22,270;82,470;3161,000;0,027;12,611;0,084
Joanópolis;10,870;31,410;100,000;11756,000;1,019;24,474;0,634
João Ramalho;40,950;9,990;85,360;4147,000;0,255;14,968;0,454
José Bonifácio;8,160;38,060;90,600;32727,000;0,682;64,727;0,081
Júlio Mesquita;18,660;34,530;95,120;4428,000;NA;NA;NA
Jumirim;3,120;49,250;58,020;2792,000;1,419;12,280;0,110
Jundiaí;0,250;857,460;95,700;369710,000;115,770;1305,410;1,821
Junqueirópolis;17,990;32,100;82,240;18711,000;0,007;38,802;0,874
Juquiá;24,580;23,690;63,070;19256,000;0,545;43,804;0,550
Juquitiba;0,170;54,990;77,390;28717,000;3,653;50,739;0,011
Lagoinha;18,900;18,950;64,830;4842,000;0,018;11,679;0,174
Laranjal Paulista;4,790;65,680;89,550;25223,000;1,549;54,442;0,816
Lavínia;32,210;16,250;48,810;8740,000;2,885;20,054;0,130
Lavrinhas;20,970;39,410;91,780;6585,000;0,393;18,074;0,005
Leme;5,140;227,510;97,940;91658,000;16,856;193,987;0,002
Lençóis Paulista;6,650;75,820;97,760;61372,000;22,468;182,507;0,610
Limeira;2,070;474,910;97,020;275786,000;51,919;637,205;1,146
Lindóia;3,220;137,390;100,000;6699,000;0,487;21,314;0,085
Lins;1,640;124,900;98,830;71385,000;0,581;118,734;1,266
Lorena;1,000;199,190;97,140;82498,000;2,821;129,915;0,915
Lourdes;35,970;18,700;81,950;2127,000;0,682;14,612;0,452
Louveira;0,210;670,940;96,150;36989,000;65,898;248,932;0,305
Lucélia;7,670;63,120;86,610;19868,000;2,389;43,272;0,324
Lucianópolis;24,550;11,840;79,140;2248,000;0,338;9,308;0,230
Luís Antônio;9,120;18,780;96,580;11243,000;2,315;50,709;0,569
Luiziânia;11,600;30,160;91,680;5023,000;0,355;13,608;0,112
Lupércio;22,360;28,170;88,790;4352,000;0,621;12,565;0,160
Lutécia;37,740;5,720;79,520;2715,000;0,250;12,280;0,111
Macatuba;2,700;72,180;97,030;16255,000;4,607;45,549;0,098
Macaubal;21,330;30,870;88,380;7661,000;2,606;17,470;0,284
Macedônia;38,460;11,180;75,800;3665,000;0,573;12,868;0,167
Magda;38,400;10,270;82,980;3202,000;1,046;13,409;0,256
Mairinque;0,620;205,390;80,260;43195,000;4,341;98,295;0,000
Mairiporã;0,030;251,810;87,390;80755,000;6,028;161,046;0,000
Manduri;12,920;39,230;86,500;8986,000;0,320;16,493;0,072
Marabá Paulista;47,000;5,230;44,510;4801,000;0,100;14,871;0,291
Maracaí;13,560;24,960;90,640;13329,000;0,438;32,363;0,046
Marapoama;22,080;23,630;83,530;2629,000;0,221;12,278;0,105
Mariápolis;24,490;21,060;80,100;3915,000;0,020;9,886;0,180
Marília;0,940;185,070;95,510;216576,000;44,105;530,580;1,043
Marinópolis;37,790;27,160;79,090;2114,000;1,300;10,283;0,094
Martinópolis;11,760;19,320;83,990;24203,000;3,961;51,096;0,361
Matão;1,820;146,220;98,170;76743,000;6,147;154,187;0,000
Mauá;0,010;6733,230;100,000;416585,000;36,794;677,290;0,000
Mendonça;27,700;23,750;81,740;4632,000;0,467;15,480;0,648
Meridiano;31,250;16,820;69,370;3856,000;0,283;16,716;0,366
Mesópolis;42,970;12,670;77,840;1886,000;0,731;10,433;0,231
Miguelópolis;24,740;24,870;94,200;20439,000;4,324;56,896;0,181
Mineiros do Tietê;13,560;56,430;95,530;12033,000;1,758;20,906;0,005
Mira Estrela;23,330;13,000;66,710;2818,000;1,071;17,933;0,649
Miracatu;42,400;20,570;51,410;20606,000;5,896;48,254;2,433
Mirandópolis;14,640;29,900;88,980;27470,000;5,723;51,952;0,000
Mirante do Paranapanema;20,170;13,760;58,880;17052,000;0,340;38,479;1,331
Mirassol;2,100;220,910;97,470;53744,000;6,103;98,416;0,687
Mirassolândia;29,760;25,820;81,310;4290,000;0,375;11,344;0,092
Mococa;6,400;77,540;92,240;66284,000;2,081;116,665;0,626
Mogi das Cruzes;1,150;543,390;92,140;387260,000;49,309;837,057;1,134
Mogi Guaçu;8,130;168,850;94,940;137131,000;0,123;342,055;1,285
Moji Mirim;3,860;173,690;93,570;86462,000;2,088;235,094;2,195
Mombuca;25,390;24,420;82,210;3265,000;1,939;19,728;0,086
Monções;7,860;20,440;86,110;2131,000;0,112;11,601;0,508
Mongaguá;1,140;325,230;99,560;46186,000;7,254;131,382;0,127
Monte Alegre do Sul;5,990;64,770;57,200;7145,000;3,167;19,188;0,143
Monte Alto;5,410;134,530;95,500;46616,000;4,047;99,507;0,237
Monte Aprazível;7,920;43,700;91,070;21716,000;0,626;43,561;0,301
Monte Azul Paulista;15,540;71,880;93,570;18936,000;2,041;46,921;0,333
Monte Castelo;28,260;17,470;79,030;4063,000;0,408;13,328;0,616
Monte Mor;0,210;203,150;93,930;48839,000;10,178;129,444;0,864
Monteiro Lobato;25,000;12,370;43,150;4116,000;0,557;11,555;0,445
Morro Agudo;17,630;20,950;95,850;29083,000;2,772;87,383;0,262
Morungaba;4,580;80,080;85,400;11752,000;0,612;26,880;0,130
Motuca;35,000;18,740;72,450;4286,000;NA;NA;NA
Murutinga do Sul;26,440;16,680;61,470;4184,000;0,670;12,046;0,213
Nantes;28,630;9,450;89,790;2703,000;0,355;13,389;0,286
Narandiba;10,360;11,960;72,400;4283,000;0,094;17,789;0,255
Natividade da Serra;17,940;8,020;41,750;6680,000;0,765;19,031;0,420
Nazaré Paulista;9,050;50,250;84,750;16396,000;0,325;31,071;0,000
Neves Paulista;19,650;40,180;90,240;8773,000;0,201;18,840;0,359
Nhandeara;20,890;24,600;81,010;10720,000;0,548;22,078;0,425
Nipoã;31,230;30,940;88,840;4264,000;0,052;12,587;0,305
Nova Aliança;20,060;27,060;82,860;5881,000;0,305;14,865;0,140
Nova Campina;20,900;22,070;67,670;8504,000;0,234;23,013;0,212
Nova Canaã Paulista;43,630;17,010;41,620;2117,000;0,360;10,517;0,330
Nova Castilho;30,880;6,130;66,280;1124,000;1,059;11,476;0,173
Nova Europa;15,050;57,880;92,740;9281,000;0,493;22,113;0,126
Nova Granada;16,200;36,030;92,670;19161,000;1,591;30,918;0,237
Nova Guataporanga;13,570;63,770;86,810;2176,000;0,569;9,088;0,243
Nova Independência;7,670;11,510;79,730;3058,000;0,448;14,304;0,150
Nova Luzitânia;15,660;46,380;89,720;3435,000;0,446;11,559;0,235
Nova Odessa;0,150;688,350;98,370;51158,000;0,768;111,106;0,000
Novais;28,250;38,870;91,040;4578,000;0,552;11,770;0,130
Novo Horizonte;8,700;39,240;93,050;36556,000;4,099;77,154;2,022
Nuporanga;23,250;19,560;90,720;6813,000;1,085;25,049;0,000
Ocauçu;31,500;13,860;79,850;4163,000;1,043;13,139;0,162
Óleo;23,640;13,510;65,960;2676,000;0,603;9,462;0,336
Olímpia;8,700;62,280;94,440;49989,000;1,488;129,268;0,301
Onda Verde;29,450;16,010;78,350;3880,000;0,105;14,803;0,000
Oriente;15,240;27,880;93,400;6095,000;0,291;11,096;0,049
Orindiúva;25,450;22,810;92,030;5660,000;0,820;21,342;0,043
Orlândia;3,150;136,230;97,420;39748,000;5,285;113,918;0,000
Osasco;0,000;10263,600;100,000;666621,000;70,329;1505,180;0,000
Oscar Bressane;20,890;11,460;82,740;2537,000;0,835;11,441;0,318
Osvaldo Cruz;3,540;124,430;89,860;30906,000;1,329;55,858;0,202
Ourinhos;1,850;347,500;97,420;102955,000;7,611;258,835;0,371
Ouro Verde;21,750;29,120;91,990;7794,000;0,703;18,491;0,135
Ouroeste;3,060;29,030;89,780;8385,000;1,243;51,063;0,865
Pacaembu;17,940;39,050;73,680;13220,000;0,830;23,506;0,673
Palestina;46,360;15,860;83,140;11033,000;0,586;26,594;0,321
Palmares Paulista;10,610;132,840;97,120;10910,000;0,771;19,138;0,000
Palmeira d'Oeste;35,990;30,040;75,840;9590,000;0,049;18,569;0,249
Palmital;13,660;38,670;91,700;21182,000;1,387;51,606;1,561
Panorama;9,140;40,910;97,130;14575,000;1,264;26,950;0,050
Paraguaçu Paulista;12,400;42,200;90,620;42255,000;10,803;108,082;0,862
Paraibuna;14,100;21,470;30,150;17385,000;8,480;69,243;2,286
Paraíso;39,200;37,820;87,950;5894,000;2,343;21,246;0,095
Paranapanema;31,170;17,460;81,300;17788,000;4,267;61,103;0,781
Paranapuã;30,430;27,140;88,960;3813,000;0,021;11,695;0,370
Parapuã;14,950;29,660;82,040;10846,000;0,072;22,275;0,920
Pardinho;19,390;26,560;78,630;5574,000;0,749;20,374;0,340
Pariquera-Açu;12,420;51,320;68,640;18439,000;3,736;30,288;0,028
Parisi;38,560;24,030;80,850;2031,000;1,429;10,913;0,221
Patrocínio Paulista;11,830;21,540;80,760;12986,000;1,240;33,607;0,158
Paulicéia;18,270;16,940;83,140;6330,000;0,009;18,548;0,265
Paulínia;0,030;589,860;99,910;81825,000;114,856;1100,810;0,424
Paulistânia;32,230;6,930;68,130;1779,000;0,075;10,275;0,391
Paulo de Faria;45,350;11,630;90,230;8588,000;1,053;25,530;0,150
Pederneiras;7,160;56,860;93,000;41454,000;3,885;77,099;0,497
Pedra Bela;23,290;36,440;24,920;5779,000;0,034;12,796;0,243
Pedranópolis;37,260;9,840;62,210;2559,000;0,841;11,279;0,346
Pedregulho;19,310;22,020;73,780;15694,000;0,576;31,301;0,469
Pedreira;0,660;382,180;99,160;41501,000;2,891;91,928;0,091
Pedrinhas Paulista;19,300;19,270;84,350;2939,000;0,091;12,982;0,179
Pedro de Toledo;18,900;15,210;68,930;10195,000;2,940;27,161;0,151
Penápolis;5,520;82,270;95,510;58477,000;0,451;113,527;2,157
Pereira Barreto;7,200;25,500;93,080;24963,000;0,581;63,135;0,102
Pereiras;4,880;33,340;66,790;7443,000;0,361;16,912;0,293
Peruíbe;2,600;184,170;98,880;59698,000;5,355;171,610;0,183
Piacatu;27,830;22,730;88,200;5281,000;0,656;16,291;0,301
Piedade;9,470;69,790;45,570;52126,000;3,180;73,237;0,000
Pilar do Sul;27,000;38,740;78,570;26385,000;1,233;41,638;0,000
Pindamonhangaba;0,780;201,140;96,400;146807,000;21,618;314,986;2,023
Pindorama;17,770;81,270;94,650;15022,000;0,381;32,285;0,051
Pinhalzinho;12,730;84,680;49,260;13086,000;0,354;21,824;0,012
Piquerobi;29,850;7,330;75,460;3537,000;0,524;12,265;0,339
Piquete;1,970;80,200;93,650;14116,000;0,187;23,403;0,312
Piracaia;9,230;65,110;100,000;25101,000;1,996;53,196;0,311
Piracicaba;1,230;264,240;97,850;364261,000;21,400;1025,840;12,370
Piraju;6,490;56,430;89,920;28470,000;0,115;56,937;0,854
Pirajuí;14,940;27,520;81,490;22681,000;1,789;35,818;0,193
Pirangi;21,920;49,280;89,700;10618,000;0,723;20,970;0,156
Pirapora do Bom Jesus;0,000;144,690;100,000;15702,000;2,943;42,120;0,000
Pirapozinho;8,120;51,610;95,010;24671,000;4,181;43,254;0,358
Pirassununga;10,600;96,320;91,630;70036,000;0,884;156,808;0,348
Piratininga;9,450;29,970;85,750;12059,000;1,699;25,124;0,192
Pitangueiras;11,780;81,900;96,150;35270,000;9,548;78,375;0,000
Planalto;35,720;15,360;84,380;4456,000;0,774;15,571;0,343
Platina;36,200;9,760;78,740;3189,000;0,525;11,716;0,507
Poá;0,030;6136,960;98,420;105924,000;21,669;293,319;0,000
Poloni;21,860;40,360;89,020;5390,000;0,235;12,273;0,233
Pompéia;6,280;25,440;93,040;19948,000;1,008;56,606;0,161
Pongaí;33,630;19,000;84,040;3483,000;0,048;10,829;0,258
Pontal;8,240;112,660;98,130;40142,000;4,085;66,902;0,000
Pontalinda;37,920;19,360;82,990;4069,000;0,111;12,677;0,283
Pontes Gestal;23,420;11,580;84,310;2518,000;0,463;13,254;0,222
Populina;39,720;13,370;80,800;4225,000;0,442;16,557;0,478
Porangaba;9,870;31,280;48,280;8310,000;0,377;17,251;0,192
Porto Feliz;6,330;87,770;84,050;48864,000;0,452;132,624;0,928
Porto Ferreira;7,090;209,730;98,210;51366,000;7,774;137,952;0,004
Potim;1,150;434,900;75,830;19340,000;1,357;30,479;0,002
Potirendaba;13,830;45,080;89,870;15433,000;1,640;38,678;0,598
Pracinha;13,390;45,230;47,890;2842,000;0,586;10,048;0,157
Pradópolis;4,000;103,560;92,650;17334,000;0,461;44,198;0,553
Praia Grande;0,170;1777,320;100,000;261391,000;101,643;839,594;0,000
Pratânia;32,500;26,230;75,770;4593,000;0,495;13,598;0,369
Presidente Alves;12,810;14,360;83,220;4125,000;0,300;12,574;0,000
Presidente Bernardes;12,580;18,130;77,380;13579,000;0,097;29,901;0,327
Presidente Epitácio;5,660;32,770;93,290;41301,000;1,232;66,842;0,662
Presidente Prudente;0,590;368,610;97,960;207449,000;36,486;422,357;0,000
Presidente Venceslau;5,160;50,090;95,680;37905,000;3,473;84,827;1,209
Promissão;9,620;45,730;84,290;35633,000;5,721;72,263;3,662
Quadra;35,740;15,710;25,600;3231,000;0,715;12,556;0,503
Quatá;9,140;19,660;93,850;12789,000;0,848;32,608;0,739
Queiroz;4,440;11,990;84,940;2802,000;0,031;15,790;0,588
Queluz;4,440;45,190;82,020;11289,000;1,280;26,656;0,354
Quintana;17,210;18,770;91,500;5999,000;0,004;15,220;0,179
Rafard;9,310;70,780;88,140;8610,000;0,391;24,369;0,233
Rancharia;9,270;18,140;89,670;28804,000;1,144;65,264;0,660
Redenção da Serra;23,060;12,520;57,150;3874,000;0,127;11,173;0,237
Regente Feijó;3,350;69,720;92,190;18481,000;0,524;37,462;0,225
Reginópolis;22,010;17,760;59,570;7297,000;0,246;16,365;0,174
Registro;7,620;75,110;88,770;54257,000;1,056;105,020;0,008
Restinga;26,810;26,770;78,630;6578,000;0,959;19,523;0,516
Ribeira;16,190;10,000;36,800;3359,000;0,413;9,759;0,305
Ribeirão Bonito;31,680;25,720;92,460;12127,000;1,678;29,157;0,003
Ribeirão Branco;19,580;26,230;50,870;18292,000;1,603;33,359;1,153
Ribeirão Corrente;23,730;28,790;79,510;4270,000;0,444;14,621;0,071
Ribeirão do Sul;22,110;21,830;74,110;4446,000;0,069;11,247;0,209
Ribeirão dos Índios;24,470;11,140;84,590;2187,000;0,356;10,248;0,320
Ribeirão Grande;17,810;22,260;31,580;7422,000;2,142;23,230;1,323
Ribeirão Pires;0,040;1139,970;100,000;112994,000;0,304;211,880;0,000
Ribeirão Preto;0,330;927,510;99,720;603774,000;17,797;1692,010;0,000
Rifaina;14,370;21,140;87,540;3435,000;1,611;17,315;0,665
Rincão;32,300;32,960;81,230;10413,000;0,973;24,660;0,053
Rinópolis;18,590;27,730;86,930;9938,000;0,537;16,924;0,227
Rio Claro;1,200;373,370;97,570;186095,000;13,252;489,190;6,729
Rio das Pedras;3,870;129,910;96,820;29445,000;1,166;74,798;0,055
Rio Grande da Serra;0,140;1208,370;100,000;43912,000;1,731;54,359;0,000
Riolândia;30,670;16,670;79,110;10556,000;0,007;25,153;0,074
Riversul;18,500;15,980;72,890;6171,000;1,371;13,499;0,142
Rosana;1,880;26,550;80,530;19725,000;5,339;61,237;0,598
Roseira;3,610;73,400;94,960;9590,000;0,418;21,779;0,000
Rubiácea;34,240;11,500;57,280;2725,000;0,600;10,838;0,621
Rubinéia;17,060;11,770;82,270;2860,000;1,507;16,850;0,444
Sabino;39,780;16,770;87,690;5215,000;0,809;15,713;0,179
Sagres;18,980;16,200;75,950;2395,000;0,137;10,678;0,437
Sales;28,320;17,650;90,020;5443,000;1,992;19,921;0,131
Sales Oliveira;18,670;34,540;90,550;10557,000;0,768;23,959;0,029
Salesópolis;17,850;36,760;63,660;15624,000;4,530;32,327;0,128
Salmourão;25,730;27,940;89,680;4814,000;0,149;12,509;0,257
Saltinho;9,090;70,650;83,450;7047,000;0,812;17,830;0,367
Salto;0,350;791,280;99,300;105407,000;1,109;227,426;0,000
Salto de Pirapora;2,720;142,860;78,400;40087,000;10,597;84,621;0,252
Salto Grande;14,870;46,620;90,280;8784,000;0,352;19,426;0,172
Sandovalina;8,270;8,110;69,780;3693,000;0,838;20,544;0,467
Santa Adélia;30,130;43,290;94,600;14325,000;0,152;34,169;0,202
Santa Albertina;23,030;20,980;85,460;5722,000;2,315;17,647;0,313
Santa Bárbara d'Oeste;0,470;664,170;99,220;179924,000;5,194;323,831;0,000
Santa Branca;6,660;50,530;88,210;13757,000;0,758;32,331;0,000
Santa Clara d'Oeste;19,740;11,360;75,380;2084,000;0,492;11,628;0,349
Santa Cruz da Conceição;27,570;26,630;67,660;3998,000;0,003;16,370;0,213
Santa Cruz da Esperança;24,370;13,180;67,730;1952,000;0,541;9,488;0,013
Santa Cruz das Palmeiras;15,630;101,220;96,890;29893,000;1,816;47,582;0,000
Santa Cruz do Rio Pardo;9,310;39,420;91,420;43895,000;0,468;80,438;2,451
Santa Ernestina;16,030;41,430;92,400;5569,000;0,019;12,825;0,000
Santa Fé do Sul;1,590;141,690;96,060;29215,000;4,740;95,671;1,573
Santa Gertrudes;2,020;219,540;98,940;21579,000;3,994;61,447;0,000
Santa Isabel;0,730;138,710;78,470;50393,000;5,298;103,577;0,691
Santa Lucia;28,580;53,530;94,010;8245,000;0,412;15,370;0,381
Santa Maria da Serra;27,840;21,400;88,160;5406,000;0,533;14,236;0,198
Santa Mercedes;37,850;16,970;86,820;2831,000;0,468;11,171;0,071
Santa Rita do Passa Quatro;18,060;35,110;89,510;26475,000;8,729;71,004;0,169
Santa Rita d'Oeste;22,880;12,110;69,730;2544,000;0,966;12,414;1,038
Santa Rosa do Viterbo;3,890;82,610;95,330;23841,000;1,687;48,927;0,136
Santa Salete;41,000;18,210;56,570;1446,000;1,577;9,838;0,166
Santana da Ponte Pensa;30,610;12,610;66,830;1643,000;0,153;8,480;0,488
Santana de Parnaíba;0,020;602,870;100,000;108474,000;39,014;500,326;0,000
Santo Anastácio;8,670;37,060;93,190;20477,000;0,166;35,660;0,523
Santo André;0,010;3846,720;100,000;676177,000;14,226;1767,260;0,404
Santo Antonio da Alegria;34,920;20,300;74,060;6299,000;0,281;15,632;0,816
Santo Antonio de Posse;9,480;133,950;91,210;20628,000;0,147;53,439;0,031
Santo Antonio do Aracanguá;25,690;5,820;78,290;7620,000;0,333;33,904;0,653
Santo Antonio do Jardim;18,270;54,070;59,430;5945,000;0,190;12,978;0,039
Santo Antonio do Pinhal;6,500;48,760;59,430;6485,000;0,072;20,192;0,119
Santo Expedito;14,430;29,660;88,400;2801,000;0,632;9,169;0,000
Santópolis do Aguapeí;16,950;33,410;96,630;4273,000;0,039;15,987;0,206
Santos;0,030;1494,240;99,930;419388,000;106,719;1689,270;0,000
São Bento do Sapucaí;13,560;41,360;48,150;10467,000;1,786;22,429;0,223
São Bernardo do Campo;0,020;1868,030;98,330;764922,000;53,477;2934,880;0,000
São Caetano do Sul;0,000;9731,570;100,000;149185,000;97,280;1031,580;0,000
São Carlos;2,400;194,920;95,990;221692,000;3,801;553,658;5,239
São Francisco;35,190;36,950;77,590;2794,000;0,988;10,419;0,321
São João da Boa Vista;2,450;161,850;96,010;83585,000;10,354;209,816;1,087
São João das Duas Pontes;29,340;19,850;76,430;2567,000;0,690;10,940;0,508
São João de Iracema;33,180;9,960;81,560;1779,000;0,549;13,098;0,865
São João do Pau d'Alho;20,100;17,870;81,080;2104,000;0,116;8,622;0,217
São Joaquim da Barra;3,870;113,170;98,210;46469,000;3,144;80,028;0,000
São José da Bela Vista;21,390;30,340;89,040;8403,000;0,333;17,075;0,150
São José do Barreiro;15,370;7,150;70,380;4078,000;0,718;15,363;0,068
São José do Rio Pardo;3,880;123,770;88,550;51885,000;3,766;126,097;0,658
São José do Rio Preto;0,290;944,110;93,930;407816,000;14,108;987,303;1,777
São José dos Campos;0,200;572,220;97,970;629106,000;144,688;1860,040;0,436
São Lourenço da Serra;1,260;74,900;91,020;13957,000;0,375;32,669;0,112
São Luís do Paraitinga;13,590;16,840;59,440;10397,000;1,173;51,933;0,201
São Manuel;9,280;58,890;97,580;38327,000;1,227;72,327;0,000
São Miguel Arcanjo;38,310;33,800;68,370;31445,000;1,745;49,342;0,327
São Paulo;0,010;7393,320;99,100;11245983,000;1491,390;36581,740;15,794
São Pedro;12,770;51,930;84,030;31629,000;0,052;66,222;1,401
São Pedro do Turvo;32,770;9,830;71,550;7195,000;0,515;19,358;0,544
São Roque;0,780;256,460;90,700;78711,000;10,315;180,809;0,000
São Sebastião;0,630;184,630;98,870;73793,000;76,607;511,295;0,380
São Sebastião da Grama;15,520;47,950;65,880;12102,000;2,200;25,070;0,170
São Simão;26,110;23,230;90,120;14340,000;3,319;38,955;0,026
São Vicente;0,220;2246,220;99,810;332193,000;75,755;692,388;0,002
Sarapuí;32,450;25,560;73,620;9016,000;0,004;15,077;0,194
Sarutaiá;15,530;25,580;81,650;3623,000;NA;NA;NA
Sebastianópolis do Sul;11,610;18,010;77,440;3027,000;0,262;14,164;0,224
Serra Azul;17,590;39,620;71,220;11217,000;0,783;19,880;0,239
Serra Negra;4,620;129,410;86,760;26365,000;1,053;61,486;0,665
Serrana;1,290;307,980;98,940;38821,000;4,670;85,971;0,247
Sertãozinho;1,170;272,880;98,820;109936,000;20,064;319,537;0,000
Sete Barras;46,150;12,240;55,290;13011,000;0,220;26,956;0,285
Severínia;10,640;110,260;95,310;15484,000;1,221;40,029;0,085
Silveiras;22,350;13,950;49,710;5788,000;1,101;19,129;0,545
Socorro;8,600;81,620;67,990;36651,000;3,141;55,405;0,259
Sorocaba;0,150;1302,310;98,980;585780,000;79,513;1553,150;0,000
Sud Mennucci;18,870;12,570;85,930;7434,000;0,552;26,410;0,383
Sumaré;0,090;1569,390;98,820;240901,000;44,389;511,895;0,690
Suzanápolis;35,370;10,230;66,760;3378,000;1,045;16,329;0,707
Suzano;0,180;1271,480;96,480;262179,000;1,821;466,553;0,792
Tabapuã;40,070;32,860;92,580;11355,000;0,870;26,179;0,283
Tabatinga;33,660;39,700;85,650;14671,000;0,978;31,066;0,671
Taboão da Serra;0,010;11971,310;100,000;244095,000;48,827;508,723;0,000
Taciba;6,360;9,400;84,920;5710,000;0,016;21,670;0,508
Taguaí;5,980;74,280;71,640;10795,000;0,187;19,882;0,489
Taiaçu;25,450;55,250;90,580;5892,000;1,029;16,279;0,000
Taiúva;29,280;41,120;91,190;5447,000;0,542;15,210;0,000
Tambaú;25,990;39,880;88,860;22405,000;5,919;56,169;0,056
Tanabi;20,170;32,240;90,350;24042,000;2,022;54,514;0,111
Tapiraí;9,650;10,620;71,490;8016,000;0,070;20,282;0,074
Tapiratiba;20,210;57,240;82,470;12739,000;1,036;30,955;0,099
Taquaral;29,700;50,580;95,850;2726,000;0,319;9,356;0,000
Taquaritinga;14,780;90,930;94,780;53972,000;3,951;115,601;0,032
Taquarituba;14,990;49,700;87,830;22288,000;0,164;44,583;0,362
Taquarivaí;33,940;22,200;54,580;5145,000;0,299;15,440;0,821
Tarabaí;14,910;32,750;92,470;6600,000;1,531;15,111;0,129
Tarumã;11,540;42,430;94,110;12865,000;1,681;39,020;0,386
Tatuí;1,320;204,790;95,280;107202,000;13,563;221,595;0,322
Taubaté;0,470;445,480;97,840;278379,000;39,129;697,620;0,410
Tejupá;20,110;16,240;64,890;4813,000;NA;NA;NA
Teodoro Sampaio;16,430;13,740;81,200;21374,000;2,782;47,776;1,500
Terra Roxa;29,350;38,360;95,320;8498,000;NA;NA;NA
Tietê;3,730;90,970;90,920;36789,000;0,321;94,529;0,470
Timburi;22,710;13,450;72,720;2647,000;NA;NA;NA
Torre de Pedra;9,150;31,580;65,160;2253,000;0,170;8,444;0,027
Torrinha;18,750;29,580;85,100;9326,000;1,026;16,809;0,154
Trabiju;23,210;24,330;91,830;1543,000;0,163;9,261;0,224
Tremembé;3,690;213,880;90,120;40928,000;4,405;71,748;0,526
Três Fronteiras;24,870;35,880;84,720;5425,000;1,180;14,189;0,362
Tuiuti;19,350;46,730;50,060;5921,000;0,439;12,955;0,000
Tupã;3,440;100,990;95,990;63475,000;1,918;107,451;1,913
Tupi Paulista;13,440;58,130;78,540;14261,000;0,323;29,477;0,405
Turiúba;28,420;12,600;81,870;1930,000;2,788;10,210;0,272
Turmalina;47,660;13,390;71,130;1981,000;0,696;10,964;0,255
Ubarana;27,460;25,180;91,610;5279,000;1,252;19,501;0,197
Ubatuba;1,800;108,720;97,600;78693,000;18,167;219,250;0,758
Ubirajara;31,680;15,670;72,950;4425,000;0,444;13,448;0,474
Uchôa;22,210;37,500;92,920;9467,000;0,261;29,651;0,120
União Paulista;26,260;20,190;76,520;1597,000;0,036;9,463;0,260
Urânia;26,660;42,290;84,160;8836,000;2,584;15,577;0,251
Uru;26,300;8,520;86,420;1252,000;0,156;9,038;0,167
Urupês;21,000;39,250;88,990;12706,000;1,477;26,759;0,199
Valentim Gentil;8,600;73,570;91,270;11013,000;1,694;24,677;0,010
Valinhos;1,230;717,200;95,160;106569,000;3,138;332,147;0,000
Valparaíso;15,420;26,280;95,100;22539,000;0,740;47,522;0,710
Vargem;8,350;61,590;50,230;8784,000;0,249;16,638;0,171
Vargem Grande do Sul;7,360;146,840;94,930;39240,000;1,856;69,436;0,000
Vargem Grande Paulista;0,100;1009,860;100,000;42899,000;0,698;90,137;0,063
Várzea Paulista;0,040;3045,590;100,000;106961,000;1,673;168,560;0,000
Vera Cruz;14,740;43,420;86,950;10772,000;0,474;18,466;0,006
Vinhedo;0,130;777,610;96,860;63453,000;0,000;310,714;0,000
Viradouro;16,090;79,390;97,070;17285,000;4,248;40,948;0,171
Vista Alegre do Alto;11,100;72,280;92,250;6865,000;0,071;18,803;0,107
Vitória Brasil;28,590;34,930;82,600;1736,000;0,384;7,137;0,237
Votorantim;1,430;590,410;96,190;108695,000;6,995;234,362;0,000
Votuporanga;2,930;200,960;97,200;84612,000;0,466;170,490;0,686
Zacarias;39,760;7,300;78,640;2331,000;3,127;16,235;0,325
