"";"Comp.1";"Comp.2";"Comp.3";"Comp.4";"Comp.5";"Comp.6";"Comp.7";"Comp.8";"Comp.9"
"Adamantina";-1,30064428819675;-0,0506531699454254;-0,452389971964373;0,575563299727127;1,09649358946442;-0,285554330222377;-0,318975627008808;-0,187226988577891;0,139319121825646
"Adolfo";2,2911883442019;-0,472793455621715;0,94298332433234;-2,46285643082586;0,665760202865195;0,417894889563938;0,334877956867693;-0,301722171521312;-0,0245709738051328
"Aguaí";-0,53866853907642;0,0279507779119373;0,994117775380642;-0,385106179416161;-0,102254871137235;-0,149441436743936;0,26532096940856;-0,438175122642521;-0,292441062599517
"Águas da Prata";-0,068028351884082;0,922261574636585;0,60442956990124;0,189546304294199;-0,0208734459786671;0,0967432817483072;-1,16223145453437;0,789018864067815;0,194185513053165
"Águas de Lindóia";-1,91419105954258;1,99758029973935;-0,687834871607656;0,0634354038235546;0,0491844037988144;1,05840247729253;-0,0502651208171353;0,130399982073742;0,417007696140015
"Águas de Santa Bárbara";1,83813362303806;-0,583329345080775;0,791024654295406;-1,05938092197645;-0,363330609652974;0,148455801448485;0,52281581540363;-0,158117761119167;-0,00879841143582705
"Águas de São Pedro";-1,9136770160998;1,71824845410969;0,0377526651184754;0,997113736508677;-0,136337974111717;3,10628036346703;0,178311709901763;0,55892642286419;0,808176576389638
"Agudos";-1,44544141711929;0,179355920723692;0,746895060505197;0,270936925393309;0,306067288097889;-0,676430550254192;0,106387345376705;0,0179397333227378;-0,250754877855972
"Alambari";1,91645044820645;-0,13524116081888;1,0453916537516;-1,04810037596136;-0,960427878387331;0,175163664285588;1,7899958188248;-0,551325061223887;-0,197011065609148
"Alfredo Marcondes";1,12976568935564;-0,599832898187766;-2,15812205415398;1,46448419498015;2,18165456067149;0,27892661456011;0,0771183654531721;0,278125052754365;0,0749999781013276
"Altair";2,36977950236436;-0,805109330271062;1,22680147707726;-2,37733171063534;-0,07809035929593;0,463879832644588;-0,932016115786308;0,0610873679624639;0,048327031416883
"Altinópolis";1,06073024474265;-0,558662760464496;0,632029512429709;-1,43524421920552;0,572992614561096;0,0376395719752323;-0,581921128272721;-0,0483530306480717;-0,0141357353597818
"Alto Alegre";1,17959009295522;0,510501143421717;0,351987775811659;-0,178509270660083;-0,548611100802752;-0,158032104387239;0,980060809158469;-0,0546876361333956;-0,0588405370446866
"Alumínio";-2,31640470927698;0,268277431520151;-0,392831396730686;0,482432709974701;-0,689452661158528;0,260501024698561;0,192669931653994;1,37698859101383;-0,352720852463631
"Álvares Florence";1,39157198499219;-0,309203726578807;-0,877440484144887;0,737730855137553;-0,159033241106086;-0,106881244190145;0,453945782357497;0,101420137845182;0,00176147091565072
"Álvares Machado";-0,559324294591887;0,300708734450687;-0,169480612912147;1,12103646176423;0,703024366610398;-0,0258112031494526;-0,235306065200946;-0,0290423415372745;0,0546673130468515
"Álvaro de Carvalho";1,39371590701504;-0,172234613889627;0,345391724662983;-0,0844684862908491;-1,27089857791487;0,128723251935721;-0,851171587459246;0,341822725688491;0,124539490421866
"Alvinlândia";1,28207134380329;0,248285064065508;0,63177315371969;-0,803240172497015;0,496433553519577;0,359080990131429;-0,255745597249159;0,227024855795779;0,117834247649041
"Américo Brasiliense";-1,88785647236663;0,589464757073246;0,3269100871211;-1,04050773959656;0,244994996397746;1,22438779035323;-1,27367664758021;-0,0768041694036874;0,0592888185338838
"Américo de Campos";1,14744127775733;0,163600438337259;0,00314695859387677;0,0379314090656366;0,355911469894136;0,0653909457028906;0,590146140568244;-0,00625317566853913;-0,020955783886091
"Amparo";-3,4418323506283;-1,41238575195887;0,0840088897123913;0,291936837303847;-0,719143064522527;-0,765127258067978;-0,346266814724145;-0,286402202713568;-0,536297548365156
"Analândia";1,91672964132932;-0,426859065116638;1,06831895541967;-1,42040415588934;-0,252927935268868;0,246915274126522;-0,0328219700532817;-0,0531594999068102;0,0978499701739047
"Angatuba";0,543728825962263;-0,727424830079132;0,29389313968376;-0,153334858712749;-0,536958391616808;-0,252728935882883;-0,270842392568555;-0,11303004140067;-0,192410179031455
"Anhembi";2,31772203688002;-0,956300431704974;0,723474578767518;-1,56327464816504;-0,151841527064762;0,202393951308987;0,792468347400284;-0,438114066657366;0,00460781693904699
"Anhumas";1,57555624268545;-0,0232311808278801;0,479784441406879;-0,787487703602788;0,0748358828363877;0,126542817502663;0,0311087136033115;0,0627436117449397;0,0558496826861692
"Aparecida";-2,47915074315544;0,810163060805811;0,405690449697075;0,883011803769899;0,0513691329649856;1,09833742916153;-0,0327654062878311;-0,288467535791298;0,385530706606324
"Aparecida d'Oeste";1,23581557850068;0,413732571660265;0,194975518304532;-0,337678196223209;-0,162480533300206;-0,0119071300346631;1,00716684449015;-0,126824894405582;-0,0683533806125038
"Apiaí";0,54831365904056;-0,668609604900651;-0,193779990333729;-0,270443464719885;-0,19614224987958;-0,240626017352199;-0,876212268589365;-0,257029651284967;-0,0768998512966585
"Araçariguama";-3,35769473225955;5,52571696348714;-7,00345330935614;-5,48606296976378;0,101398537883659;-2,74734373529153;-0,154285964196686;0,740449275006376;-0,763046646540958
"Araçoiaba da Serra";-0,771296734556068;0,124762824816874;-0,591789994830658;1,15578459748638;-0,98717654456558;-0,128703878050026;-0,517524572489989;-0,103203106641858;0,104024124128704
"Aramina";0,365863547569286;1,18619164198477;0,188505981148487;0,173911267488353;0,351993197259332;-0,173075406119261;0,717182214632014;0,202275071680443;0,0208464738974692
"Arandu";2,25410724950973;-0,810455140466249;0,782919707347618;-1,97045951010073;-0,243494011587174;0,358861707485129;-0,263040778555715;-0,211993973022912;0,00945856693831681
"Arapeí";1,88092442295864;-1,59141756626406;-2,31080689378413;1,3372392477139;2,28905541741394;0,420202468352559;-0,311558054145695;0,253629240041695;0,151033055243592
"Arco Íris";2,33862443810326;-1,63777489475187;-2,1559668218673;0,941222701591718;0,555927353046987;0,15151629590137;0,337550845419516;-0,0339061528005064;-0,0229248595540043
"Arealva";1,45641855632494;-0,405775475273626;0,0987841101567095;-0,381656092024853;0,229524804391636;0,113563633864795;0,049974496048432;-0,0185683457108139;-0,0294724902576543
"Areias";1,62865977586316;-0,411139097799388;0,0862607182279482;-0,107766966629902;-0,647133108646714;0,0781062611879588;-0,524545330466314;0,246092619806391;0,1250412368116
"Ariranha";-0,312331624550316;0,207737777112568;0,653777775886406;-0,483210940346726;0,58886539185837;0,227739115370851;-1,31665445244503;1,23753680652767;-0,117420662573149
"Artur Nogueira";-2,26566677276988;0,303682280252727;-0,00163778876462209;0,292283397960141;-0,160431171353324;0,62827263639746;-0,344986020135775;-0,638076563229547;0,186120138350053
"Arujá";-6,05533640402386;-0,826354354527338;-0,316869957407661;-0,107206336598648;-0,724379448924106;3,70152991589551;0,187906288352693;-0,947797185190532;-0,121132115851941
"Aspásia";1,86248836164568;-0,35725562993096;-0,450196744148315;0,13063651966612;-0,337409371213193;0,104692788939659;1,5092818770405;-0,293714722105947;-0,102192928317034
"Assis";-4,52020831461959;-0,924686373009537;0,64682160642435;0,480462036660695;0,0233603001873742;-0,587663608114378;-0,348626474087774;-1,84617450737659;-0,326981870858371
"Auriflama";0,00979242532737906;0,365550218504851;-0,521638118421681;1,12666199414956;1,11593925360591;-0,0839098925617531;-0,0173722243001201;0,218838815575465;-0,0210964400892496
"Avaí";2,18969075530834;-0,774055625467493;0,350265253875094;-1,02644509241043;-0,668973189410856;0,147209288785317;0,144102041052565;-0,187378704619642;-0,0273434276604057
"Avanhandava";0,283460792821597;1,02522553298189;-0,0444671392711076;-0,191713298450338;-0,321657896412753;-0,337863197902217;0,497597706463561;-0,0205213603285874;-0,0627429069652601
"Avaré";-3,26228260457909;-1,2058527881473;0,616955714273109;0,141612127702609;0,627209666941285;-1,24586089009167;-0,381855017517157;-1,50576271795601;-0,330161351091222
"Bady Bassitt";-1,01881307135001;1,19150114873664;0,234061008405241;0,824487329189075;0,0503586223543955;0,340998571282893;-0,162908554346996;0,447360344865065;0,149390545232444
"Balbinos";1,69953840262301;-0,598246336842917;-4,52514072907748;0,337216774258551;-1,19288238628825;-0,5290915253575;-0,968716219848938;0,172579207225228;0,00441693090091837
"Bálsamo";0,170845940490768;1,12860091799172;0,577321389651064;0,100886593801348;-0,0544839316984605;0,0279991400767938;0,471224422577214;0,190331472224148;-0,0031570548448853
"Bananal";0,368026623499916;0,424490139258333;-0,0445990880657726;0,75529780329338;-0,0886742533868119;-0,222055809693152;-0,47113259687233;0,35764473004306;0,132685421073034
"Barão de Antonina";1,45102279456118;-0,585770714147335;-1,17795249470337;1,31687037735719;-0,316692827237085;-0,00174292326431361;0,329015451485008;0,171844977521119;0,0474032531227439
"Barbosa";0,543635875885855;0,672542438054905;0,248536839523991;0,740117815991225;-0,064958985547958;-0,0449729977406896;0,766713707658966;0,121080408464773;0,00912131364343623
"Bariri";-1,36543446798238;0,701697487575838;0,490745860290026;0,560241723201435;0,197851667154904;-0,342507439559043;-0,103291698939246;-0,0512298714445876;-0,163121559261163
"Barra Bonita";-2,42514688578396;0,618605015091878;0,357100173178789;0,523279920617053;0,0537799150136924;0,604550034101967;0,23078591811712;-0,113920617331689;0,0846932846610302
"Barra do Chapéu";2,88837482645416;-2,415523569193;-1,58400727914158;0,0831727971725007;-1,57963091938881;0,201722795612804;-1,59042182554867;0,107408162508627;0,124573110572078
"Barra do Turvo";1,30804655138763;-1,02574863811212;-1,98260397658493;2,01160094229655;-1,3135396037577;-0,376967932962067;-0,448585667526443;0,258679061844759;0,124564528914897
"Bastos";0,191829475751287;-0,474610668865568;0,281042532201277;-0,681631602178965;0,499167907761531;0,690323969339723;-1,38392758892869;0,104320116315245;0,122272162924728
"Batatais";-2,3704593501184;-0,0595195965472332;-0,0370053107905285;-0,00923867758877117;-0,126519952231637;-1,07626850656245;-0,0874923474302628;-0,702776606001243;-0,449893954646973
"Bebedouro";-4,17340234441591;-1,81021327087336;0,637971472937052;-0,657930493633948;0,290140706490157;-1,08549334752435;-0,354326370232466;0,163714920374905;-1,38875998780025
"Bento de Abreu";0,924250405913375;0,953819961139852;0,216793160621634;-0,246438166434907;0,269266090375734;-0,225031257535895;1,50477199909651;-0,0551970624965514;-0,0895462016670364
"Bernardino de Campos";0,0873697884819509;0,744594587602753;0,280060173376919;0,510557450256774;0,297356390120979;0,0208083710176891;-0,355305018556077;0,361225178517137;0,0796235532025885
"Bertioga";-3,3933826581274;-0,357175977178478;0,683002881950802;0,586370083249375;0,289589453189385;-1,2420967582468;0,0891798846245232;-0,356330957477575;1,56734954785593
"Bilac";0,104512486672442;0,911441189603335;0,107282275036291;0,772761709755843;0,50848328507023;0,0332111969830474;0,0552420669616939;0,403815675297519;0,130778830136661
"Biritiba Mirim";-0,210901971826967;-0,0640436987749763;0,916326397168259;-0,443077546209028;-0,169785531865378;0,22322164066845;-0,925342555076046;-0,273998338823166;0,0499973728512293
"Boa Esperança do Sul";1,24960805628207;-0,233553088038129;1,33519676586686;-1,74247872021302;0,228572870939668;0,171763154561524;-0,655370229858822;-0,123249406955585;0,0817907916461245
"Bocaina";-0,109770636282109;0,996829849146159;0,77179763486718;0,58055622539484;0,0353229986044094;-0,179749236304837;0,123815188209875;0,335956630452661;0,0914006907170184
"Bofete";4,19164623986858;-5,68506689929277;-6,16166189904037;1,19493432709591;6,05087205244046;1,13867614348436;0,101205347954568;-0,823868619031193;-0,0446125288770258
"Boituva";-2,94884573088759;-0,0350789197175624;-0,0401514180067978;0,457262216133578;0,15449385378589;-0,00564597199770525;-0,134202270807297;-0,136692811848521;-0,235329618850638
"Bom Jesus dos Perdões";-1,21799687075448;0,8159523044994;-0,0305302404183238;1,16772329258613;-0,134022225287294;0,624075224591813;-0,137595773316062;0,187390473867957;0,250352544942215
"Bom Sucesso de Itararé";1,21099518166991;-0,161910264564747;-0,540953802319149;0,792461309736493;-0,383278797663069;0,0508338597427471;-0,12720707684326;0,2973005944023;0,0979147010578656
"Borá";1,00758004826144;0,528938371238766;-0,0351019126389087;0,959968529025189;-0,288318628690065;-0,163896872320086;1,05490147665812;0,214790390593092;-0,0152934904354474
"Boracéia";0,245975056071054;0,948811113702098;0,660214296928963;0,527475910567618;0,0549409245372099;0,0543888734038054;-0,412379602862844;0,639140319374359;0,178898382724887
"Borborema";0,766553254103383;0,231735683845774;0,295444629924626;-0,525261410569798;0,429279805306377;-0,125408482727565;1,20766712239099;-0,435795536087718;-0,196596445377149
"Borebi";2,33378649828663;-0,16415930722054;1,5764034259606;-2,71348395731082;-0,0901398459794642;0,30921208346541;0,239928551020433;-0,257960522472788;0,00502779933104069
"Braúna";0,474273458080426;1,05771654193571;0,362333183095788;0,219518396221618;-0,143251781187062;-0,15839287548349;0,465250186396693;0,236962742416196;0,0688539708404797
"Brejo Alegre";1,80707787003481;-0,829516929095888;0,645165987878749;-1,51540201944614;0,710790782566864;0,659208624362837;-2,77826108426738;0,829155724626812;0,293118116768156
"Brodowski";-0,971244452787787;1,26706446991189;0,429267822247768;0,449762869379842;0,252739454866939;-0,184664582117986;0,0795797830483479;0,0496448395333575;0,0919686870287666
"Brotas";0,0707748138041133;0,033891592365056;0,916065469877699;-0,311029517910633;-0,155603941963637;-0,343795601287911;-0,0353145907725415;-0,105643571396768;0,0134776414824088
"Buri";1,19260850605014;-0,632212192297072;0,959682077538515;-1,24814384579154;-0,207848655327673;-0,0924611525830912;0,445314189806292;-0,522428948272665;-0,0790482502106171
"Buritama";-0,528206705451435;0,874811629647286;0,279653704780896;0,62958248347633;0,426401992614905;-0,228196850994516;0,00229310762645973;0,272334777517618;0,178236864829142
"Buritizal";0,264940086493172;0,582558600996831;0,0579069591695101;1,06456358122929;-0,0963269742257345;-0,197797124561166;-0,167704166891611;0,74085917659159;0,0666711716982996
"Cabrália Paulista";2,23083258728257;-0,185721256990494;1,46668725339226;-1,95537307067127;-0,253436653365336;0,250537444891934;2,29555159689529;-0,748432690512444;-0,326816349331693
"Cabreúva";-2,2676175875958;-0,246719599037826;0,0461319072277689;0,732930578962617;-0,304346035205396;-0,0154770213133841;-0,391085758307624;0,0848081777330436;-0,282881067186452
"Caçapava";-4,6625454298134;-1,44216428849025;0,108133857280103;0,259332066940818;-0,547349173541252;-0,482907787060965;-0,24042770433839;-0,74151123473888;-0,93601305840105
"Cachoeira Paulista";-0,988001462794848;0,141696438110253;-0,123205839635702;1,25278485134653;-0,127407794299888;0,0175186403028623;-0,354655038528669;-0,135026023000452;-0,0106896989755047
"Caconde";1,3219671798224;-2,08467758663105;-1,96107688672471;0,884963301309686;1,56921372436385;0,322966273231845;-1,13132397773869;-0,0740933899028039;0,0927780709645073
"Cafelândia";0,714049802683825;0,138347233075264;1,00946006250394;-0,858576202864934;-0,109639904975809;-0,123411515667445;0,0666868516964839;-0,197795164632543;-0,0915123438986374
"Caieiras";-6,67191289431565;-0,8408095902954;-0,465380921224095;-0,243972148980398;-0,791336214903562;4,43338458296393;0,184329579228247;-1,59356538312862;-0,0330026229313322
"Cajamar";-7,49350995507981;-2,67297112803713;-0,307285262057795;-1,3437526833145;-0,38861396793717;0,676192280879113;1,10144970617337;2,10006399879291;-1,35599506768185
"Cajati";-0,398198748419664;-0,322992496079229;0,338822291096513;0,253790705393729;-0,939043409218175;-0,345336930510591;-0,0318947657232136;-0,247452239368574;0,00280100492287962
"Cajobi";0,890295544805286;0,325711509373714;0,960872589907155;-0,986467634872642;0,393493015793543;0,339249182301657;0,237186235351815;-0,106026959580769;0,0456348012817495
"Cajuru";-0,260852087629026;0,438849168004377;0,83048056768587;0,136727714048468;-0,0497717489139656;-0,24243878161026;-0,326344703577726;-0,0671546230381937;-0,0210240134927921
"Campina do Monte Alegre";1,45554972744912;0,0904479461093064;0,601523681431517;-0,642329634270714;0,00146741546488543;0,154054164570919;1,3659411051144;-0,325888301056265;-0,103080161443037
"Campo Limpo Paulista";-7,19741570309458;4,74641909622166;-7,88995443650261;-6,20369993131592;-0,902947564489255;2,32481873373821;-0,28781750424434;-2,32344350131126;0,166047366628339
"Campos do Jordão";-2,81466274985891;0,453976829222291;0,245254222241278;0,694871132311026;0,390870620460329;-0,220134759234279;-0,186429514933189;-0,54321774486424;0,411873351864624
"Campos Novos Paulista";1,3945615335331;-0,0160444810056867;0,183574734143132;-0,0890728618722381;-0,163971802494208;-0,0410883511278036;0,719888007983385;-0,0314350625833537;-0,019881733361251
"Cananéia";0,633745098697702;0,0703784735222574;-0,0769065031158502;0,515254778686879;0,562486273983532;-0,186250658763129;0,329963698320072;-0,0251982506034489;0,0577768964538091
"Canas";-0,157409430279345;1,40061844542362;-0,123588303937624;0,674692645572922;0,345698438992427;0,214033676596287;-0,173513599909057;0,556613679898044;0,207227633016696
"Cândido Mota";-0,83929386500342;0,148940798534586;-0,0912789271032347;0,463732540169074;0,81746104937306;-0,414752402416755;0,349105542192971;-0,295646001238258;-0,0434340875309296
"Cândido Rodrigues";1,39277252954208;0,324981020474882;0,613728535179427;-0,612733457334523;-0,456232048146216;0,168616584546789;0,971471738664665;-0,101626417460457;-0,0172335572936552
"Canitar";0,012316079998423;1,55490272960361;-0,312258480373303;-0,167142729626608;0,40964165148032;0,0814699511571027;-0,0289405088430816;0,388740198870306;0,170931302786181
"Capão Bonito";-0,392277941823388;-0,92280176672971;0,680567812013741;-0,698655345758855;-0,130571243861334;-0,619942258295016;0,0942489020023773;-1,0788421248332;-0,296252001361516
"Capela do Alto";0,0247458779276013;0,251742791628656;0,601377409718075;0,028322623654764;-0,384818351896478;0,370162201369619;-0,34415047528209;-0,0237636136742221;0,141073701126465
"Capivari";-2,66143478855128;-0,231275019980526;-0,895143133343913;0,229666012138544;0,825134632464603;-0,440217703416229;-0,067359808571672;-0,400099824185895;0,0556240161575939
"Cardoso";0,480207023854348;0,594943304612857;0,971375393990868;-0,288309213353769;0,0182150168265194;-0,167450943113581;0,445035780919598;-0,0347605834556195;0,0625145298490495
"Casa Branca";0,626592801534499;-0,940835788881017;0,974378940368376;-1,15191387725981;-0,0660101903274743;-0,0810089359345906;-0,0308055104037511;-0,558752154874292;-0,213277635514622
"Castilho";0,0296886392344883;-0,666335828879431;-0,393000956345965;0,076548193980837;0,07197038537976;-0,412135208110129;-0,969724422053558;0,567036941512986;-0,0427411007446018
"Catiguá";1,04652969990601;0,184160620037368;0,967167431861873;-0,943490697937973;0,525523932025679;0,465332434240724;-0,682248941823831;0,23230910116308;0,112786748936363
"Cedral";0,31294302693904;0,633825690258842;0,286300128957594;0,807386873032814;-0,551092775051805;-0,0863331746561315;0,180641734546067;0,303211170842154;0,0915097792039009
"Cerqueira César";0,146069593553997;-0,0534823962166562;0,314916336037518;0,0419973736772186;0,641329882177107;-0,0379536974830433;-0,421222709005423;0,192433735128435;-0,0415630032918451
"Cerquilho";-3,85051090517816;-0,641221461668974;0,0371876798671574;-0,0418268427837467;-0,126716171950271;0,808496396042519;0,202445695123625;1,22212353184977;-1,00854500372944
"Cesário Lange";0,0753697007397117;0,0705335307863003;-0,314576640474776;0,716785290563991;-1,03382658163478;0,0108589570609694;-0,480346750592476;0,180808667442159;0,118855684238981
"Charqueada";-0,4658425538833;0,941109252385988;0,614747071724111;0,654993157967531;-0,101485510918659;0,142316860174611;-0,02023254032669;0,223643281162267;0,0982076273409266
"Chavantes";-0,356600239856983;1,10330692997017;0,263974329055428;0,187444135414526;0,144217846523151;-0,00684103151182458;-0,653264803331886;0,503260407604056;0,0797703567862955
"Clementina";-0,141527477989768;1,09443060244731;-0,0698722332221287;1,05352166637456;0,754311491036228;-0,0574615191283321;0,295724289942044;0,464605585270871;0,0769984411563623
"Colina";-0,565108871446177;0,914427507177279;0,53663932611136;0,18910621707031;0,0691698517208663;-0,36793528082198;0,232426238526414;0,200300489059399;0,0134947692668994
"Colômbia";3,10468660828081;-1,84877859385256;0,857743023190339;-2,68083135852093;0,0199957734733845;0,466012413845058;0,472442389701363;-0,616828468992897;-0,0277078144464887
"Conchal";-0,735265664396263;0,464761577488121;0,496187576461124;-0,530741876257508;0,167018216445109;0,307968321298493;0,246934618349594;-0,326448618521167;0,123705897787183
"Conchas";0,127962043765469;-0,0213925920349294;-0,50633395128191;1,05743653271554;0,408588237257675;-0,162733208884487;-0,0291054982064128;0,114660719785856;0,000607533754659217
"Cordeirópolis";-2,26877130866759;0,155741757600109;0,110774840807266;0,412419102927583;-0,286330614295931;-0,0227480938966146;0,124672929993875;1,21511003233515;-0,318748467359774
"Coroados";1,13133561542339;0,411887377562558;0,648592270101185;-0,144742545857279;-0,461782773201191;-0,0168018241952137;0,916756568651444;-0,0525008346236592;-0,0718611574041285
"Coronel Macedo";1,54313840148586;-0,105744620781429;-0,0122192028375715;-0,306618226457836;-0,0732438347956764;0,0211944028654122;0,862709417087849;-0,172534527396347;-0,0703583088650498
"Corumbataí";1,84644406243037;-0,547597642440125;-0,0775595149669434;-0,137482585997792;-1,74988642262062;-0,132163991141494;0,437539535100221;-0,050983454004787;-0,0236520452859279
"Cosmópolis";-3,74604417407146;0,304637681534137;-0,543056671300725;0,212119264449719;-0,279926109820694;1,08692252693823;-0,195786964491298;-0,869530124688043;-0,0230261189168154
"Cosmorama";1,69339226211426;-0,60447781620718;-0,566169029040679;0,0283042565160111;-0,229954354784924;-0,0373389122800892;1,03418673030905;-0,319857859241498;-0,126785407888835
"Cravinhos";-1,56264124450796;0,735273698559533;0,544222970881831;0,194995817489966;0,263451274047231;-0,195149610501237;-0,31372920874041;-0,0749489767698569;0,134784011178315
"Cristais Paulista";1,90010773093874;-0,862361678216546;0,366835511661687;-1,32709142863012;-0,148972074558229;0,274905312442614;-0,780146163618847;0,0574750863402885;0,00342401593837748
"Cruzália";1,38439798368668;-0,0695281444071469;-0,493417009083689;0,481950157930094;-0,668066517937004;-0,0936289583429275;0,330585441905979;0,194315571286613;0,0059006778605471
"Cruzeiro";-3,95680425324402;-0,237786079907384;0,46932628727075;0,577895416905693;0,0534356959946139;0,124726950365045;-0,321586587091049;-1,30418590424646;-0,368398843266803
"Cunha";1,02048972776415;-1,1466186264611;-0,665239855597661;0,284500245990478;-0,927039746576252;-0,307311377964727;-1,08043903057388;-0,233442991494382;0,113688948719091
"Descalvado";-0,738855966197183;-0,459667063672259;-0,274191542139528;0,339244388087807;0,85522064219837;-0,440756924646173;-0,0837490652133771;-0,10638882031799;-0,12436832757901
"Dirce Reis";0,971903960167181;0,481781064794799;-0,372417589700796;0,806580742168685;-0,295236260787951;-0,130333099823416;0,741529858222363;0,220888884993326;0,0220288309155174
"Divinolândia";0,167260935744119;0,442892077723871;-0,428484301521703;1,04985853308008;-1,11918705611982;-0,214704134336499;-0,402567327188078;0,34908857804619;0,0895454063185366
"Dobrada";-0,143851197762573;1,77339848781952;0,172488757953685;-0,0699392575221511;0,255054179395433;-0,152520876995615;0,448085393925548;0,207830480820449;0,0147863840281451
"Dois Córregos";-0,566566334718307;0,304298812126475;-0,197448224100373;0,361134092735334;0,962612520642987;-0,341455651466057;0,0276204411421044;-0,0390526603401763;-0,12890429446761
"Dolcinópolis";0,99884097109397;0,512827656375807;-0,911725958931354;0,246763675644932;1,41176859186965;0,0577049827583679;0,957955737588692;0,0627854559692882;-0,015680956203626
"Dourado";0,443930548190924;0,4960309215316;0,667074075130374;0,0853387122742412;0,436838027319389;0,203247217103084;-0,500132072217743;0,380169686003693;0,126631010643059
"Dracena";-1,30777533603403;-0,753720301686997;-0,609804373366427;1,21910151929159;1,46881256090588;-0,115303850166482;-0,228620876208519;-0,523341740956908;-0,16532490866883
"Duartina";-0,191051322485779;0,993358810835755;0,2703653342097;0,667498633316386;0,105891881769366;-0,110848706940973;-0,191629229020185;0,323107309794871;0,094138082603579
"Dumont";-0,0921232857749748;1,32664164956246;0,62098387672694;0,113061174006812;0,214078692594962;0,172890541710639;0,122243593787745;0,305604235169806;0,11887976094511
"Echaporã";1,42890640531407;-0,0324155673215913;0,34698000056873;-0,463491065513044;-0,112020149454941;0,000693154937539311;0,611428219331039;-0,12166969847652;-0,0505533336261107
"Eldorado";3,22255146913507;-3,70494140370917;-2,4503552908132;-0,0555244563192345;1,27098623493024;0,453579082069355;-0,27561514410775;-0,714986183281124;-0,0507331583792391
"Elias Fausto";-0,3678399298892;-0,330516608991646;-0,827558083662708;1,26212735476264;0,44626881263413;0,0742180931440266;-0,182661731770538;0,574381314636499;-0,174088397478869
"Elisiário";1,46230132830714;-0,0419468176718256;0,228401214534739;-0,845038835443483;1,05522226308198;0,408228025002236;-0,101542473880954;0,127785904375113;0,100198825918229
"Embaúba";1,62772503215153;0,289273201130313;0,869072207795752;-1,1346995825605;-0,197800681534284;0,212702796386138;0,997605775380016;-0,193347731985339;-0,0499217363370204
"Embu-Guaçu";-3,68584588358906;0,427019979817803;-0,0805106291635952;0,491481712582478;-0,0732855370624432;1,43924958917399;-0,32441501429787;-1,28097679576117;0,147852334058049
"Emilianópolis";1,30543047171672;0,139568671977142;-0,192456635758841;0,17988487063381;0,412699433260194;0,022552541913245;0,787649951864489;0,0256184559011994;-0,0115982723448684
"Engenheiro Coelho";0,0285510818490346;-0,159998158765095;-0,804816606575134;0,675650422121347;-0,273603816648994;0,536150685750483;-0,0689953335550819;-0,0127915051255559;0,147806216372368
"Espírito Santo do Pinhal";-1,45427959516254;-0,254435840294891;0,0779397546457829;0,457494849034164;0,34810664572077;-0,104359374733473;-0,481430463675998;-0,360128062863227;-0,249683654782437
"Espírito Santo do Turvo";1,64194731626563;-0,747849322897812;0,130203345235913;-1,23864994786585;1,22676195979562;0,550183913299662;-2,4645117880932;0,686185145845712;0,30849597454543
"Estiva Gerbi";-0,194443156159526;0,696123750089563;-0,399216777127295;0,513945111144658;-0,399890416548256;0,473100924240335;-0,322955607842991;0,353037913014213;0,177262849500083
"Estrela do Norte";1,36608200890378;0,10898463626231;-0,385249912718003;0,191660414064709;0,209045635829184;-0,0561099089765755;0,819155922003406;0,0201705882858626;-0,0308465169854756
"Estrela d'Oeste";0,400255638008448;-0,334397786909783;-1,21496627081678;1,18055725275032;1,24118836816229;-0,0095680054751085;-0,133229854672585;0,622622730545251;-0,157096587447022
"Euclides da Cunha Paulista";1,07602293613592;-0,324540338723352;-0,349481749168751;0,65110750261728;-0,807905092570509;-0,152275432489461;-0,382085496096764;0,140276275927794;0,0937070719867385
"Fernando Prestes";0,731937410442955;0,777663995298614;0,563172099483418;-0,367663338160261;-0,356805758818555;-0,0530186723627086;0,341968065647717;0,160587488560331;0,0406534940516476
"Fernandópolis";-2,58198586304107;-1,07519407627748;-0,534257723323464;0,856519099784592;1,53803167614444;-0,415880488173142;-0,258135066646975;-0,960925052581203;-0,38995413738504
"Fernão";2,80455927696514;-1,93700152815036;-1,31965264327632;0,00759951288290395;0,048094186060946;0,393454181249573;-0,02580373937243;-0,124360879431414;0,0329100664477383
"Floreal";1,41503048301596;0,10127734932101;0,00133451928118224;-0,0869999857928877;0,157920524384813;0,0163243684506196;0,96355604210796;-0,06936177962677;-0,0115198264105574
"Flórida Paulista";1,58268993192842;-0,716467777926033;0,937587293541161;-1,78459451304016;-0,0321985683785267;0,31694884092991;-1,66637843480901;0,0731704652439245;0,128669777309689
"Florínia";0,999508414723927;0,430392474734358;0,217585547657179;-0,298440519831933;0,533619926208104;0,0292030298842159;-0,13461166718409;0,386148183908638;0,066145546767969
"Gabriel Monteiro";0,390440257550624;0,965350890353568;-0,177555665339859;0,872864362133625;-0,0368053730020884;-0,195898098863814;0,0665359280911685;0,555691656348428;0,0749542818874266
"Gália";1,32502111179975;-0,244300731552956;0,0928296563361327;-0,300290505440261;-0,190188353815668;0,0907972299415931;-0,542985626782235;0,198551363864503;0,043004725092224
"Garça";-1,72896793791516;0,151867715237111;0,441174583850676;-0,069274021510978;-0,0692880255129873;-0,631759552314234;-0,202377905504812;-0,462680427528172;-0,0299610585116737
"Gastão Vidigal";1,38053830658953;-0,0802930535440307;-0,369845571364313;-0,10709687809916;1,23477941328232;0,226443824083814;0,624316976273627;-0,0366372138401286;-0,00714775176494574
"Gavião Peixoto";0,74691376786653;-0,213357848154529;-0,649490926020411;0,195860030635703;0,677301239995308;0,00605319307018795;-0,772947425909053;0,824634994031781;-0,120603121141503
"General Salgado";0,518603052260569;0,20776106150795;0,0641134792223408;0,225367351748051;0,34026582590804;-0,122052151164258;-0,0657360307764096;0,19456865808256;0,0843335893272851
"Getulina";2,103297412659;-0,786951286583788;1,05879925638061;-1,89529861324841;-0,327366907947497;0,226257058700022;0,446081662820679;-0,521598180739546;-0,142492177924174
"Glicério";1,21832087835379;0,0466852971867818;-0,000472625136808805;0,359017258458962;-0,421505926295687;-0,0511581607623521;0,514263572261643;0,0840808284789914;0,0106366720944915
"Guaiçara";0,412526498932513;0,611683720326759;0,7288574604822;-0,0724179409162368;0,192446074792287;0,0593153608061608;0,00752618572525264;0,134688769469969;0,0742134905842564
"Guaimbê";1,59815898157928;0,0233686554876869;0,759412521050658;-1,20516206509517;0,234799040805126;0,218448871748356;0,720893339229109;-0,238639858463182;-0,0232418652113885
"Guaíra";-1,20110278805533;-0,219576152413615;0,876247017800418;-0,975972791770334;0,452007712949374;-0,762536731147723;-0,491879046237872;-0,198531218344464;0,106509764555138
"Guapiaçu";-0,240398525907178;0,30418226486643;0,618720002615366;0,19896575101832;0,0602419381392489;-0,0664046206373092;-0,2741317459067;0,196994572636371;0,108404983901276
"Guapiara";2,13732806705225;-2,94425941056552;-2,85840870732087;1,18730223004279;0,164905142327136;0,240356766704393;-0,512852475864165;-0,474253057784931;-0,0128505028337635
"Guará";-0,894948726064742;1,14698922973914;0,474176054963512;0,544569312368523;0,264354982549839;-0,323788834766432;0,159131748575743;0,137107095061387;0,0890130608336009
"Guaraçaí";1,47585024958507;-0,292412605606757;0,432695307692302;-0,729508917996331;-0,0688937170002506;0,0604041260159642;0,184497011277778;-0,126500366671015;-0,00501408876646191
"Guaraci";1,25383513255037;-0,205262028227413;0,235732629164206;-0,637893177263532;0,762517542708287;-0,0195683314869955;1,23617038015802;-0,412333162429545;-0,00173648265202199
"Guarani d'Oeste";0,85692681429141;0,425545675055574;-0,353645865820167;0,922515146802796;0,851118806191268;0,0889058260593069;0,631953459902816;0,279602473551251;0,0577764617998709
"Guarantã";1,77214884424207;-0,340454490916326;0,643993790503295;-1,62350802850747;0,417078812092023;0,254930500788715;-0,336920612963656;-0,0127519200882132;-0,033837020038615
"Guararapes";-0,562963256560979;0,10275647214431;1,05580144711806;-0,456493877785338;0,127285431130429;-0,358423018580558;-0,386585588018232;-0,0944496924825885;-0,301655131431538
"Guararema";-1,43849434362553;0,00308131087797095;0,424914205616469;0,38402639964754;-0,340219190342708;-0,481517385001358;0,202822764481622;-0,0393400748312468;0,918737375360795
"Guareí";1,80290387706337;-1,05107638197613;-0,642032522093284;-0,376149470102052;-0,977260691280271;-0,12044835729489;1,00111860421495;-0,687107389170694;-0,258064728021934
"Guariba";-1,65890140971223;0,584184014491431;0,718328389168884;0,373836657244863;0,198244017447051;0,032055097164697;0,262579510981593;-0,350143668592987;-0,0284918275575752
"Guatapará";1,45172843299586;-0,0508150930879208;0,481317982842045;-0,472627245384649;-0,793650063028528;-0,0896005489384154;1,03986308444459;-0,267062591328155;-0,0779068396257142
"Guzolândia";1,3653967553476;0,207554246825253;0,671671107328879;-0,709539692530264;0,0209065878744105;0,130327392859082;0,237164430252249;0,0268161034686076;0,0139556464810052
"Herculândia";0,770100452986651;0,311969327440469;0,0444112001717202;-0,0973055971485545;0,893263641095727;0,0993977197562322;-0,347455411556129;0,223989085631187;0,0185687931680512
"Holambra";0,309951649525101;-0,52601405546119;0,638939088778318;-0,955305426891518;-0,992685185598835;1,02083560125676;-1,42334110287986;0,52467911771218;0,272896034610265
"Iacanga";0,0766185191425821;0,381035734056766;0,0810789504666185;0,853490452332868;0,401401573438058;-0,18420090229501;-0,120980898526457;0,564709497918405;-0,0692943266862165
"Iacri";1,77678549812037;-0,458731861193714;0,0694733516713379;-0,871659975429013;0,25713632746465;0,210769760266594;0,1336061160468;-0,148197801187017;-0,0322772188849367
"Iaras";2,79140267671076;-1,08109754805952;-0,63663409919028;-2,11251773521597;-2,14219514168957;-0,178623391723767;0,546927867079882;-0,641705806124402;-0,198770277034975
"Ibaté";-1,03622635369565;0,507989173406437;0,657744533240794;0,374686479943887;0,277936779464129;0,0396810779644656;0,538880872643978;-0,4242490062575;-0,0799394710935166
"Ibirá";0,142944766831912;0,878324954655603;0,592581666502826;0,11154904476781;0,145404135644342;-0,0985257834442197;0,378169488126556;0,0966776186041113;0,113833797620783
"Ibirarema";1,87643948737928;-1,09743062267549;0,157794315774918;-1,33137057288222;1,94528568764285;0,734624486131945;-1,48310583549491;0,239984787908199;0,180113086949598
"Ibitinga";-1,92195025603994;0,0932594515655625;0,381635516653787;0,531356548265684;0,507128167090991;-0,527772250025918;0,0423295251475129;-0,821098013491153;-0,553652492659904
"Ibiúna";-1,0828115953541;-2,25881418764495;-0,683329469214114;0,678713153706132;-2,71880935770306;-1,00986400025217;-1,60151898901946;-1,49321346716513;-0,425717093844676
"Icém";0,855116213830016;0,259355135620718;0,710834921189324;-0,149244901164451;0,052673990727467;0,0222225033050261;0,0791838941913666;0,160739208647344;0,108512386186004
"Iepê";0,870063911060151;0,208774375545861;-0,0115141489395451;-0,102905667141902;0,740101097934565;-0,0495796909493103;0,112947832826958;0,148535521201096;0,0384849919553384
"Igaraçu do Tietê";-1,67045678525856;1,43227765293404;0,168070194179595;0,543643528895952;0,15306295339511;0,949553969446065;-0,0221709621128318;-0,0888221115573844;0,283882001489495
"Igarapava";-1,30767871607989;0,713916591019705;0,610377771822264;0,672966205029257;0,110981161947156;-0,401680446049311;-0,052855816239156;0,126896372894094;-0,0848337676759035
"Igaratá";0,60732594959143;-0,0654945178633608;-0,936915793934698;1,12002036870511;0,652935736827222;-0,0460084650535278;0,0346594239542223;0,228886026102772;0,102659424140703
"Iguape";-0,372189119252878;0,448075857393889;0,506743357638645;0,329264968768663;-0,24993811267657;-0,629553452813968;0,315657264657158;-0,443878116166995;-0,143433813543255
"Ilha Comprida";-0,822494594213353;1,50397457516513;0,703175443012392;1,24911117272755;0,42123054971016;-0,197724255920603;0,0353217863630045;0,608766935073211;0,418688628488567
"Ilha Solteira";-1,86536911812455;0,258672825291354;-0,278019770294552;0,508403943447522;0,507907072332644;-0,912218470070338;0,0849770908145553;0,774725166321207;-0,105158006535416
"Ilhabela";-1,92969568659405;0,85698674501439;0,542371490367888;0,854697810066857;0,346278192739307;-0,561710841591805;0,0219200933497549;0,0341712393803808;0,749376446758699
"Indiana";0,522295043282462;0,487163844150035;-0,477080132572924;1,05920624679996;0,636883936570992;0,089143909926434;0,0829567961191321;0,38302330764718;0,107340137224955
"Indiaporã";1,40952795479666;0,0111262248683648;-0,492872519278141;-0,026238283172022;0,893042499102531;-0,00119598768413086;1,47600183349575;-0,242119730579448;-0,0708202309549679
"Inúbia Paulista";0,810279858208276;0,307610560515441;-0,0758800405589007;0,354666313689711;0,702813274795096;0,277160426328499;-0,304924242531166;0,428793374737694;0,134888527301045
"Ipaussu";-0,524399870831019;0,909734373207688;-0,0336805147417039;0,884253386396153;0,419446931721277;-0,0501154379241308;-0,0636311150799049;0,403147040688559;0,0415244042839502
"Iperó";-1,12424230390619;0,300877344568476;-0,944933147587962;1,05794557635987;-1,73445848480558;0,0678653551755024;-0,4375861289235;-0,0871841072641737;0,00985045116104924
"Ipeúna";1,47530454130458;-2,11301770464843;-3,50527999641965;2,45426640290393;4,20469984096759;0,611609642962357;0,0125635268181195;0,242399949425319;0,112527993415024
"Ipiguá";1,4844336350048;-0,191031045121402;-0,183915114996018;0,276257821029511;-1,35267994326092;-0,0139675168940144;0,533914346961518;-0,0380784566017757;-0,00559261067086964
"Iporanga";0,790384836284204;0,184351044813552;-0,94627889917004;1,55855570431322;-1,39086521702553;-0,464311219574318;-0,446441419343142;0,527219931281764;0,152326471300729
"Ipuã";0,465936643956057;0,273147622629595;1,24630848698444;-0,937544334665366;0,497648662194251;0,0774657018012235;-0,603986792111352;0,124424899563394;0,173025767639441
"Iracemápolis";-1,64473084076296;1,29201098878875;0,0401390235508026;0,641312409494744;0,201792357583521;0,414258053331137;0,0455643542283769;0,35347013067033;0,0772188040261926
"Irapuã";1,26136914638844;0,0398198405948708;0,0646650837218092;-0,548747542700015;0,763288874604757;0,149229708317019;0,793807741105436;-0,197164642722244;-0,0614948101780059
"Itaberá";1,39139626867763;-0,826713058215031;-0,0204595308443168;-0,624395123932588;-0,613120165437711;-0,183851560612198;0,674612109089553;-0,563836641006003;-0,279836612488614
"Itaí";0,477407956472468;-0,63969613286888;0,607664533940348;-0,844181882193361;-0,201682711336216;-0,230587379358553;-0,869209161731035;-0,152309028648779;0,051366056392818
"Itajobi";0,411604770878925;0,431158621846291;0,574596661546175;-0,21998572394055;-0,457950315905443;-0,298065799260735;0,950054413528265;-0,238110042493801;-0,0552172375191957
"Itaju";1,72636904365506;-0,423762541964522;-0,0783046727200195;-0,11776672218566;-0,12406182573949;0,121732277379815;0,346853568594113;0,0143183900263664;0,0140492125284535
"Itanhaém";-4,32796076494462;-0,908659772270488;0,784458622675188;0,513811650307684;0,361663466829802;-1,14622022742614;-0,251203199342965;-1,77680862387418;0,645704025769548
"Itaóca";1,70527823843323;-0,938554904945168;-1,91365528911873;1,30157656437835;-0,262992822297536;-0,0394814592480529;0,0796702777313725;0,140905445190754;0,0359644840590176
"Itapeva";-2,78384070484359;-1,73554778654259;0,52730982072699;-0,7191729375317;-0,0600084756384985;-1,52576213948271;-0,526453028717288;-1,93167611542103;-0,251280806395938
"Itapira";-3,55469842145007;-1,19515932446118;0,382767420995878;0,346631889165003;0,300084339572491;-0,773477300819022;-0,323340767666435;-0,542998428762587;-0,285017446493627
"Itapirapuã Paulista";1,72057413763042;-0,82094819662922;-0,909549785410264;0,909074392156637;-1,36041635962672;-0,107004465043988;-0,474498188065073;0,259171185224112;0,0897865849263178
"Itápolis";-0,908699666649532;-0,111813804004164;0,545305356828103;-0,306222239886976;0,1701842538927;-0,579254022862419;0,293841794433573;-0,569012489255016;-0,487966601956054
"Itaporanga";0,427250985037199;0,0263461589687081;-0,405963805798224;0,815087510782764;-0,101407147207547;-0,224050044345677;0,0886809967220971;-0,00755886658582648;0,0526352152838471
"Itapuí";-0,698100793009407;1,24788721059506;0,473254973682674;0,475638570824881;0,183297320633552;0,123553178040583;-0,432699346602871;0,579395702938855;0,0961346047561703
"Itapura";0,994002045280648;0,633487472395223;0,437232944366607;-0,552651212194969;-0,570867235244607;-0,172997838800264;0,0606871932815976;0,205598236726773;0,0677449212900811
"Itararé";-1,26907499342147;-0,387636857705092;0,394625607604773;0,513699366753291;0,631684731549357;-0,571059429800362;0,133572937477145;-0,885649965006143;-0,223731167678464
"Itariri";0,791590267481053;-0,155649007526735;0,278157279551963;0,0349133217395212;-1,4333002893738;0,0264372481339843;-0,469449355090056;-0,0999891810686818;0,0419874054939858
"Itatinga";0,657687835717594;0,0834181575752811;1,21369587629039;-1,00018062361883;0,0612539993725046;-0,171304886602032;0,672525770239602;-0,418432984945103;-0,0387463108177533
"Itirapina";0,76025901230088;0,0266885428692186;1,38092595882746;-1,18463347578146;0,0362376218195168;0,04626021501048;-0,203311241097458;-0,125218091529544;0,0633665619939073
"Itirapuã";1,26020614874914;-0,13669582876609;0,775420662513163;-0,898103085928987;0,178321406872966;0,423252238863226;-1,47847127053513;0,44822104370564;0,214877091726212
"Itobi";0,600042573987605;0,836435596723231;0,743554089676817;-0,742937300106334;0,00323333009792554;0,236182975971436;-0,664066544087497;0,300825225927899;0,0955895177073065
"Itupeva";-3,38591664236514;-0,622569691516234;0,119832886273147;0,453290291086905;-0,532875159042523;0,0965675052092994;0,0911435178695442;0,627628934205867;-0,648279154980236
"Ituverava";-1,60032913344389;0,265739324822446;0,780241887841591;0,455724015829419;0,103939483824308;-0,682575910119616;0,169337438329667;-0,417010926657826;0,165189575819497
"Jaborandi";1,17520839049547;0,437967209852085;1,23997016293614;-1,28063123921017;0,227115658384464;0,151405353871007;0,392653240713708;-0,0760707641551959;0,0445391742362279
"Jaboticabal";-3,64170229080941;-1,10377501673746;0,252813046793303;-0,120147969680456;0,54683490307079;-1,24607354863148;0,252792988594235;-0,901091350236017;-0,0980967866873207
"Jaci";0,198558819984712;0,855782475323588;-0,27643141801989;0,937183963712152;0,234559136390275;-0,0809007090010913;0,261568686694625;0,443998397676425;0,0181906528583439
"Jacupiranga";2,31132822704633;-2,97190215112724;-2,64013374370151;0,807179656213136;1,29245513211478;0,298967289061864;-0,00570985601996293;-0,568985148831589;-0,14694214458659
"Jaguariúna";-5,03763141292468;-0,91109986921122;-0,372207376893698;-0,754014293779381;-0,148081840381073;-0,0303021701218629;0,572405606162951;1,20426713221877;-0,0286378195387836
"Jales";-1,98455549006944;-0,12539400831542;-0,149567093240904;0,691164362631292;0,67115607474817;-0,154325000265326;0,0420845325362714;-0,557899332179839;-0,306187690871367
"Jambeiro";0,438030585380581;-0,474823550953202;-1,36720986865001;1,51789055197878;-1,72178973046786;-0,429271903107808;-0,5253213971524;0,986052075618569;-0,198084592005671
"Jardinópolis";-1,51347766158651;0,550651656403591;0,420006857088466;0,1000229910145;0,309884378548172;-0,462095344890713;-0,27097729895591;-0,345962397542714;-0,00584242189183085
"Jarinu";-0,868982645429008;0,161394838078971;-0,257890800038945;1,14192546883808;-0,480418758193506;0,0643290940487822;-0,326426376863619;0,117101530352861;0,102369401400922
"Jeriquara";1,09544170587133;0,353825416273753;0,540203012772384;-0,541803454246524;-0,129333286397295;0,109033089725686;-0,619884995767483;0,432045696013113;0,126984084924566
"Joanópolis";-0,0290676500963915;0,679576558651539;0,146858801560959;1,03515062001171;1,34719223518142;0,0203400987611772;0,233531231017351;0,240605471830668;0,0647541359162956
"João Ramalho";2,07752684464609;-0,601899574448314;0,356420994360997;-1,18021305637743;0,780069843736471;0,312998425055971;0,537994185227033;-0,240529712087464;-0,0225578733674896
"José Bonifácio";-1,2423539128667;0,140229145673529;0,684363196687366;0,207222425299388;0,0100177474196343;-0,559303320882664;-0,341258056224817;0,207377973114718;-0,421994475870612
"Jumirim";0,587403173815092;0,267278811405956;-0,698064888181017;1,60917231348349;-1,4554268680545;-0,0722898114910829;-0,502001886656637;0,651666221456266;0,194543657483742
"Junqueirópolis";0,190897990297427;-0,0547207856609299;-0,12154738972301;0,751288578588756;0,251250566128505;-0,198120181334325;0,372826268818636;-0,124302548847124;-0,0727408667104564
"Juquiá";1,02380807941659;-0,767656646102328;0,0602031611573285;-0,182792159349618;-1,03911553762687;-0,223951429401445;-0,257709695325011;-0,328809388980991;0,0261618487365118
"Juquitiba";-1,01102473066419;0,717682492890505;-0,100037443462652;1,26492146565761;-0,770432852693037;-0,538995502559065;-0,509904142946671;-0,0543725953182235;0,0207314859921831
"Lagoinha";1,28791091856825;-0,1142223539948;-0,28474639731691;0,406952365513014;-0,8707766839808;-0,0681374238120139;-0,177350685609833;0,222299394253046;0,0487049985911496
"Laranjal Paulista";-0,940185998842027;0,353157603649881;0,0796698892966055;1,14864706964732;0,355555309564382;-0,203058381226815;-0,107902305062651;0,108321426816099;-0,0142793418645044
"Lavínia";1,69226993498333;-0,130656196849794;-1,29433886507475;-1,13724664569381;-2,00084334840006;-0,554329484444656;0,0920975969830901;-0,296679213247952;-0,131677761536671
"Lavrinhas";0,258899631821828;1,15505906066818;0,657066860559991;0,277429352289673;-0,0421799068650263;-0,0559391030608946;0,64695384477351;0,187629609051149;0,0559309296626635
"Leme";-4,61137916338432;-0,877535066674199;0,48865952197955;-0,0276780464108494;0,103590729245864;-0,519973258265531;-0,163329094982638;-1,70003732313881;-0,26637963933709
"Lençóis Paulista";-3,45578222069413;-0,998626468891799;0,485721806794103;-0,666995307078825;0,426210924273432;-1,2804211476751;-0,196543732822294;-0,0562891274425299;-0,400724731578475
"Lindóia";-1,99388319149408;6,4053176070322;-7,05897812147166;-5,26655481162756;0,223602829544547;-2,07446388740726;-0,397853537664383;0,0251367328136886;-0,133524301972984
"Lins";-3,80616535557356;-0,563939848636552;-0,0616770115696421;0,166002744491488;0,605089215975603;-0,837928053613492;-0,122778239434484;-0,363482484175511;-1,27753709346463
"Lorena";-3,86964083810577;-0,546845444183403;0,340267649061184;0,585222401773367;0,343818125400173;-0,256506081295909;-0,425292626864474;-1,37559481577774;-0,674477989358865
"Lourdes";1,54769842745814;-0,106470322969834;-0,13883891796649;0,0795638576258689;0,434756147110564;0,11628790898326;1,26889356378482;-0,144586397679017;-0,00257980267951788
"Louveira";-8,93801048190967;-4,26631451655402;-0,489831699436825;-2,12600018123883;-0,78062115337548;2,06291546363374;2,14990583372034;5,41144448821423;-3,14123451228397
"Lucélia";-0,589842294014135;0,639684363526796;0,268344080274081;1,08275956241204;-0,0729737970247623;-0,147844139015304;0,0019682891347691;0,0978502678148195;0,0898360147275917
"Lucianópolis";2,19655521278038;-0,852655177395475;0,583318462113776;-1,3796321741452;0,470934310480779;0,517185273407465;-1,33866225815994;0,297106513749173;0,180809211567121
"Luís Antônio";0,0305195277687042;0,129535731523715;0,698686411547795;-0,866222081151868;0,846832311382225;-0,130238816463608;-1,14731752696483;0,809136191113601;0,0944103850607132
"Luiziânia";0,496092090751897;0,847554049474718;0,531916915535658;-0,00565435471612774;0,360463687597708;0,0816039182814357;-0,554202575198306;0,503087151443353;0,158584974741187
"Lupércio";1,24652354460858;0,611006332187386;0,0317340522957385;-1,89619398561057;0,403127967393619;0,0730117733010844;-0,931518133959307;0,240962190864449;0,102481459088499
"Lutécia";1,6491490828121;0,129319286331276;0,550509123146814;-0,745470629995217;-0,322807480497646;-0,0120931582587956;0,800037849953831;-0,101099056333684;-0,0392034781189618
"Macatuba";-0,834998458265987;0,657775067285061;0,645949993223014;-0,266526436028135;0,418020618649911;0,00233909590235881;-0,980408530765559;0,814624366870506;-0,0603641338466766
"Macaubal";0,591029814754334;0,538660713037579;0,0640898969372523;0,4411816389783;0,433455259843499;-0,00595300618803847;0,576560558148024;0,10000255349599;-0,00194169709021087
"Macedônia";1,65384657791438;-0,0489993185665929;0,287188200878649;-0,36300672156321;-0,39434024080735;-0,00510418445110648;1,06552985639438;-0,196592178549923;-0,0705882788960195
"Magda";2,0164399746673;-0,410639867664651;0,5843162789378;-1,27383215736383;0,342212370023818;0,274944426081773;0,259459006928577;-0,119099997075392;0,0180906921941613
"Mairinque";-2,43078333891694;0,0819524368713964;-0,233681695209194;0,732869343510627;-0,819291852728917;0,117603204607884;-0,328589049857335;-0,249768140571227;0,000167393820597571
"Mairiporã";-4,05937492227963;-0,700210391315969;0,197853051672894;0,680448811455628;-0,478107602089657;-0,103060036528678;-0,411082271372248;-1,43688625613386;-0,140733041447206
"Manduri";0,881513697393528;0,306863667879237;0,80462893238638;-1,10904186953875;0,0665042499916438;0,258883482193076;-1,52949694631957;0,403988644040037;0,163347230428019
"Marabá Paulista";2,32235443112922;-0,883924759121034;-0,991591248772634;-0,0209116401500135;-1,94444954511137;-0,334672914543969;1,6692409084826;-0,584257434698595;-0,226887761149811
"Maracaí";0,17660948313231;0,416947996368616;0,936579293095063;-0,505717431967076;0,105666012926746;-0,0984334081352202;-0,727031272081516;0,450093497860762;-0,0306260037007408
"Marapoama";1,57420461647448;0,00168569643051952;0,795090246713086;-1,55925431365018;0,0516412167727884;0,316696362055089;-1,20955506324417;0,399208938591576;0,176285612946601
"Mariápolis";1,17676001246496;0,26192280539111;0,00456496295760188;0,0769017004297944;0,00505840295864191;0,0354271312436729;0,339657440263762;0,124461834710643;0,0140199721073915
"Marinópolis";1,80544721357907;-0,0811203303150233;0,669612486407955;-1,01660827728835;-0,292697738479221;0,266167851589463;0,486445261948819;-0,0827892879867292;0,0162435164567246
"Martinópolis";-0,265273661617271;0,226453160107339;0,422985448052728;0,469975826228551;-0,11250354729808;-0,453610561187385;-0,280020336138847;-0,0683534385428213;-0,00252253162952716
"Matão";-5,71795410238273;-2,83018721709875;0,64886972029769;-1,76771511165628;0,175079496858919;-1,08724309830112;-0,203102225678675;2,11967061856081;-3,36827873890158
"Mendonça";2,05624755219441;-1,00893744345943;0,00880108469466684;-1,00386208440208;1,02255715280525;0,530135334067403;-0,681304265445373;0,0631415446031767;0,129762253193364
"Meridiano";1,69245567302586;-0,438000441674465;-0,124379181156978;-0,088392408987355;-0,425463484026114;0,0536258346379377;0,478482266546557;-0,045621202213092;0,0312586742683347
"Mesópolis";1,92311468697037;-0,120418223172441;0,0110251675674762;-0,854216755293681;-0,0550022853340345;0,0584367343040363;1,16594861997961;-0,268075978741813;-0,0968721091226401
"Miguelópolis";0,485617701358905;-0,107594560390552;1,38183468209647;-1,44259676570683;0,403815349319437;-0,044318849100321;-0,658515464468144;-0,158996346322709;0,166542763711446
"Mineiros do Tietê";-0,174064339335933;1,19157597452006;0,749102720911839;0,39871051732497;0,18410970726453;0,0376881636024021;0,122408179311008;0,208062492401965;0,0509667919183128
"Mira Estrela";1,55380519199222;-0,507500736951071;-1,10424161751365;0,622310590996643;-0,0163839151471832;-0,0621320243804159;0,393756579835421;0,0839801778794691;0,0867566237140771
"Miracatu";2,22007045438659;-2,51425367393353;-1,33805715727542;-0,235531296990518;-0,2173368595543;-0,00573225169187842;0,697315338305483;-0,944388104645022;-0,165918666893079
"Mirandópolis";-0,524437238713029;0,554319938913837;0,698093474158736;0,319262105570893;-0,121620956656724;-0,462184206814122;0,00569557810358462;-0,266509915785177;-0,055520953714209
"Mirante do Paranapanema";0,988085772579734;-0,90306385146378;-1,08800952992575;1,16001751350964;-0,577223980220524;-0,35105902538629;0,334123481518813;-0,307850046244518;-0,0121517806768861
"Mirassol";-2,92112556929812;0,15470565226344;0,184143798047826;0,666235724656736;0,313659205258918;0,311650884956199;-0,161505370877983;-0,628849371049124;-0,203235361976301
"Mirassolândia";1,16363859003734;0,420445814610185;0,422146511170303;-0,231206953759292;-0,289433439907136;0,0372080424463364;0,621783609988729;0,0151506990038003;-0,0101893129785188
"Mococa";-2,56459807829062;-0,580791064841013;0,435221367062949;-0,140872434096342;0,243012578374589;-0,860906437218072;-0,671189815709238;-0,856192799277165;-0,615971113111463
"Moji Mirim";-5,00559796485534;-1,99528362942081;0,184570996602683;-0,266948562311335;0,211025890657124;-1,13250257265179;0,0313259587837678;-0,601473145257662;-0,596987757056544
"Mombuca";0,814954419583912;0,737873917701452;0,340307144306757;0,0499580737185714;-0,394753327841703;-0,129298803830913;0,660340588001518;0,15597091588083;0,109906773410443
"Monções";1,49094064346914;-0,797980822069849;-0,106743016712213;-0,393349111849132;1,44448985688193;0,543062122540901;-1,78969825445407;0,799018860326;0,181970325455612
"Mongaguá";-3,22934093557628;0,509512506533756;0,207910222506436;0,599365179255524;0,0944414068027102;0,954631382219118;-0,0252094180490023;-0,682332622402623;0,714334521464724
"Monte Alegre do Sul";0,438104428251702;0,146304923508264;-0,523251634963999;1,45591802036842;-1,65923989319292;-0,0349066365177829;-0,375835030030706;0,465473189395905;0,145230757213036
"Monte Alto";-2,43291174984897;0,180369950843149;0,378191441670307;0,477173424066583;0,172628801291899;-0,273577426568096;-0,028128275068684;-0,325391576862234;-0,225662794173247
"Monte Aprazível";-0,321292231503546;0,185567313823919;0,675155180372978;-0,261294831827245;0,322135623320391;-0,100838344604142;-1,0021734758672;0,333472334465422;-0,0916925861812531
"Monte Azul Paulista";-0,139484284209874;0,352756861847378;0,614286460422244;-0,693632338902883;0,387023123103229;0,101151954416255;-0,542180405609163;0,095353552972938;0,0770751326444878
"Monte Castelo";1,83095179508901;-0,801947198066682;-0,650899922087659;-0,109253032587333;0,998778462617205;0,293303759641227;0,188328013423304;-0,0121363324141278;0,0175017007907216
"Monte Mor";-2,97602623984466;-0,313091219458557;0,273311157538649;0,633466859183505;0,165884691111055;0,111793416264016;-0,265707135951445;-0,192223279235383;0,0674657469772262
"Monteiro Lobato";2,04065356083399;-1,21686649408374;-1,48843585920335;1,06339457121023;-1,34462943644398;-0,116771266379145;0,337435816631553;-0,0448353281650612;-0,0383287594313943
"Morro Agudo";-0,804608507324276;0,246014157543707;0,628573932846665;-0,870326589790322;0,386713848718953;-0,715267671745506;-0,145902197673668;-0,0764556933681419;-0,00236337849239385
"Morungaba";-0,564520387974248;0,967918870885913;0,0205203918565229;1,13790249488948;-0,239781442487557;0,00617870439535209;-0,0259733778405824;0,515320361862641;0,0295719769529579
"Murutinga do Sul";1,6098123437753;-0,392212426952538;-0,393881904994002;0,325315776398624;-0,951626058196357;-0,0516781672721539;0,302774528134704;0,0300995587050193;-0,00129543975316648
"Nantes";1,24364096678111;0,44837123642201;0,00972584168713091;-0,766567169896983;0,647840726043633;-0,0282601585745584;0,358611576047254;0,126526436338021;0,000497819254746294
"Narandiba";0,414438518199314;0,370627475078979;-0,409826305292615;1,14405879082285;-0,558391746514642;-0,33920578285038;0,124749455883078;0,669243696015082;-0,0818791966213052
"Natividade da Serra";1,78707253268599;-1,05786870914425;-0,927969018955982;0,773807122984061;-1,86216505499121;-0,215885633961368;-0,513120048321998;0,120393975871623;0,0868063031231528
"Nazaré Paulista";-0,511158342057527;1,40000419272568;-0,401525362531187;0,258305229079569;-0,417151702991382;-0,493088695993984;-0,0372353400381981;0,131199586135241;-0,0268265129499177
"Neves Paulista";0,589714490282479;0,446366784557794;0,173868291566566;0,0770554899227032;0,573288161029465;0,115569531235844;0,150832217325792;0,13997067740266;0,0255910565704671
"Nhandeara";0,733979773077399;0,0645122268664334;0,0625447819047959;0,340393091791014;0,0877661868758763;-0,0512944842944688;0,235236848925307;0,0699243190624554;-0,0517674044230341
"Nipoã";1,19108382662286;0,149433149388036;0,298397792019073;0,0564417371923731;0,622823218418519;0,237798240528857;0,928485145713612;-0,037646469821303;-0,0129856235896938
"Nova Aliança";0,659982441508654;0,57256306140431;0,268683751608124;0,480071539202501;-0,143098511306044;-0,0472208532379664;0,407825091150204;0,224883457421498;0,0173951628937756
"Nova Campina";1,02028351605621;-0,0618663433571238;-0,00375882189728791;0,177573542064516;-0,931769347417474;-0,155189392148942;-0,0519681704064159;0,121027505411424;0,0367677427049493
"Nova Canaã Paulista";2,45751535200458;-1,18843239249781;-1,42616310483008;0,541887457237949;-1,68060151616249;-0,135904844870719;1,64229231669837;-0,478358038051364;-0,17092258572833
"Nova Castilho";1,76992464517061;-0,237773244009798;-0,185850559863927;-0,0996598611390854;-0,754727169328124;-0,0707164073303734;0,484601796606011;0,0574786253576932;0,0152253143935235
"Nova Europa";-0,0757525421265714;1,0534638441064;0,414122387404843;0,611704429604892;0,19768973130301;0,0336201918628186;0,429595988112012;0,260906797517244;0,0554646128144888
"Nova Granada";0,0487645967527107;0,542020888953684;0,596497858641907;-0,17445297844932;0,379611539443045;-0,103862018146188;-0,268440506618285;-0,0338480850288929;-0,0669246517446808
"Nova Guataporanga";0,575042243995064;0,549773190228525;-0,463695868716654;0,959597500541561;0,6571739959912;0,322372344308497;0,29269312994134;0,381729552793993;0,146025135928938
"Nova Independência";0,314627453029448;0,674243502629619;-0,0484987468137187;1,12973726174195;-0,240888463486279;-0,24676903328376;-0,0693574268265237;0,751841017750628;0,0108701670663476
"Nova Luzitânia";0,41132375798122;0,851202167557271;-0,184504790024832;0,898865168215285;0,536946501581341;0,100469117622244;0,557479791332312;0,323620360125786;0,0939622797011916
"Nova Odessa";-5,03608403532612;-0,240771198833209;-0,2045379228757;0,0623862627576796;-0,502293265164214;3,47574657516886;0,313557877491342;-0,0561150314759791;-0,164298486543814
"Novais";0,964007470343001;0,590580650624373;0,535820484607106;-0,360295687930889;0,361288079486696;0,202220224375101;0,551497955102791;0,0494181230179999;0,026891825919397
"Novo Horizonte";-0,76205000644572;-0,772003524485755;0,27396016706316;-0,486103625915308;1,05229768447845;-0,316331797735709;-1,09013227368136;-0,00550595891423356;-0,269590753096625
"Nuporanga";0,287762998081905;1,18076402509983;0,407262132749682;-0,109804780199082;-0,0873365881253279;-0,333113258245173;0,7213818083501;0,177466672291446;0,0125954431787311
"Ocauçu";1,60855895188966;-0,00486880218273211;0,510088129539574;-1,01378837508318;-0,166646945515987;0,0999544685918871;0,0150961493715166;0,0300894628121858;0,0204444893357826
"Óleo";2,16630296759035;-1,04349047594129;-0,591019245363973;-0,461689611567976;0,0661889781075959;0,281335781220318;-0,748586699510513;0,172273765789675;0,0907685256114115
"Olímpia";-2,32137955303075;-0,161369740348842;0,651124070519549;0,357513256045445;0,177210450012136;-0,910487325940135;0,0643888524414117;-0,462683758827302;-0,0675046460931292
"Onda Verde";2,06695749316366;-0,497170403996371;1,3909809868815;-2,33264086656249;-0,422742723190984;0,398906972393235;-1,45849208606428;0,269432343999472;0,14436453631282
"Oriente";0,465264748187276;1,14058274017767;0,44920839623908;-0,413528835297808;0,296296271703502;-0,0418846689647331;-0,356729498632307;0,363865517798892;0,0657896726598512
"Orindiúva";0,308765143483942;1,06527594413462;0,711958623928817;0,567763375981294;0,00115318170609052;-0,181371104233906;1,23934311507456;0,14137193231834;0,00185566871042035
"Orlândia";-2,34233578863895;0,227982089631797;0,604107139281787;0,248464382434001;0,215424749623794;-0,203904027887894;-0,317599444769818;-0,0371295384892678;0,164524944453109
"Oscar Bressane";1,15191180298056;0,19025836554902;-0,400013552201635;0,385264657950359;0,555365015152126;-0,00218739733845379;0,30305950709005;0,230783755987758;0,0608522374141167
"Osvaldo Cruz";-1,41740768851096;0,626331436586352;0,270255761038035;0,97879433165566;-0,0626738300321951;0,0738049881035133;-0,223011908195886;-0,105007014924713;-0,00831637511265486
"Ouro Verde";0,921183186536668;0,374628939543562;0,915557340740388;-0,830691890911195;0,408146418245376;0,203304016419898;-0,482424980071284;0,204528845978376;0,103136551679864
"Ouroeste";-0,573110604371433;0,657349196729266;-0,386438577373942;0,668352998507424;0,475798162441853;-0,442807825011322;-0,18811471416557;0,920586976150779;0,0869064067429345
"Pacaembu";0,748496168529235;-0,261858594883472;-0,597134876224034;0,839260972840204;0,0358741730959009;-0,00587382392799615;0,194042837759483;-0,0724568181879076;-0,0272243789852272
"Palestina";2,06087260150126;-0,870377288785503;1,33799849390872;-2,03952445144841;0,0839843832738678;0,334516547494125;0,200483004702027;-0,447193778650605;-0,0750902925432602
"Palmares Paulista";-0,533840165561176;1,32258033357438;0,680382645057359;0,677893627073976;0,163057877360021;0,594291085742284;0,187942240419649;0,248631762342042;0,175980551503007
"Palmeira d'Oeste";1,15240795501408;0,0639853817370628;0,026873857356334;-0,0972181513846939;-0,450685365604879;-0,0802005675357876;1,21282439219483;-0,335561188952275;-0,171121176937446
"Palmital";-0,329627896082446;0,202972729406945;-0,658183115116426;0,299637060171726;1,0180624201261;-0,348818189263565;0,183153724774294;-0,00906963511177807;-0,0916118728648097
"Panorama";-0,601804875560112;1,63006349889313;0,107893740713989;0,450048727213515;0,317087245689509;-0,374117553294703;0,16021566928939;0,209437463618209;0,000275212617936484
"Paraguaçu Paulista";-0,720479911468282;-1,13446482325297;1,08890334994098;-1,60739645022977;0,48643580261104;-0,369217481313308;-1,73234086665361;-0,221330047935632;0,0215250579813097
"Paraibuna";1,27992809104111;-2,05467486441409;-1,88350379253745;1,40758212053444;-1,95416694203266;-0,517632910581612;-0,43346601427837;-0,17338304203758;0,321801538600273
"Paraíso";0,906857634661657;0,66618827916475;0,602768107384899;-0,305931690767913;-0,149781279079498;-0,0111132971449465;1,65659586811739;-0,26391445185335;-0,0576692223107583
"Paranapanema";1,03178318513358;-0,877063859785352;0,821610839453492;-1,33383007914559;0,0582912222860197;-0,0765187661515405;-0,276773017414939;-0,208348733640055;0,115059184946672
"Paranapuã";1,79501347989078;-0,408202341812892;0,266735293374448;-1,18503145476417;1,0558304666362;0,466295437776545;-0,271650788496249;0,0431330130374311;0,0673976864574349
"Parapuã";0,655802387667886;-0,158580295233615;-0,895903731719899;0,943518294383932;0,88973291036849;-0,00800789573288933;0,202684772899819;0,103269043084323;-0,0259662406768697
"Pardinho";0,914445021725736;0,207119524204125;-0,0548614032485548;0,0428243698183165;-0,115367405428913;-0,0296213143105257;-0,048406164962725;0,26030200211496;0,08622148085544
"Pariquera-Açu";0,167549424946331;0,15999260666977;0,166547861543714;0,753806806753635;-1,18303054324127;-0,169211715745366;-0,282989753805091;-0,00314228794970935;-0,0188587749106357
"Parisi";1,70784750147643;-0,139571890457909;0,203949901263071;-0,317441965683641;0,164018507566617;0,217719202766653;1,11489345797443;-0,170336965639634;-0,027134823198233
"Patrocínio Paulista";0,274811677823704;0,214896457020183;0,493403564960294;0,148932459115762;-0,315358975083742;-0,200600835396076;-0,574602041339253;0,389008304441234;0,0290222118036586
"Paulicéia";0,493573072120051;0,68341395200674;-0,0499788684036342;0,805580232492471;-0,0172233516984951;-0,227866693924025;0,604381569854857;0,221708392105362;0,0199672779329665
"Paulínia";-14,7306414912058;-8,22649997817997;-0,951799542015377;-4,8146226518057;-0,499304853145316;-3,26220817763575;3,14671816177442;3,25775526350335;5,67899183684707
"Paulistânia";2,09773986294712;-0,772081925950187;-0,691620426394446;-0,13630621006023;0,0648715897959007;0,110649971272248;0,416222790361162;-0,0598951285572078;-0,0040766584830072
"Paulo de Faria";1,44280615622104;0,0626835717284092;1,18212723275022;-1,34449657863335;0,136817571644481;0,0421112964987933;1,1296251150845;-0,381509210955219;-0,10460240551095
"Pederneiras";-1,4844779713654;0,11911481032016;0,578319178716958;0,445899289312202;0,28696586756575;-0,509173171407452;-0,368596618823589;-0,329297423020954;-0,230955890297007
"Pedra Bela";2,27384853345964;-1,5941060972912;-1,22305648048234;0,65297497499261;-2,86477476980968;-0,0102379233068105;-0,463929034738873;-0,0243310548717254;0,0224178625904067
"Pedranópolis";2,28844255937118;-0,959279044914487;-0,33178475603695;-0,315104383666345;-0,55598376234201;0,135990282792542;0,540741811579401;-0,182470169968239;-0,0317876159169469
"Pedregulho";1,00564521015941;-0,646771443870787;0,419187534192269;-0,403497275615015;-0,297170827104826;0,0221940220340404;-0,808588732873728;0,0623456349855954;-0,0279651283886376
"Pedreira";-3,25567067044548;1,06373103253595;-0,517544064183126;0,0812746292979544;-0,0247947329069937;1,35013938013037;-0,0606367058072088;-0,446199682264077;0,272761835942789
"Pedrinhas Paulista";0,604499274169114;0,753275706563747;0,0252284046115292;0,84076250228207;0,0357904336242158;-0,131887872591223;0,724920077408764;0,314062352829116;0,0302511737261828
"Pedro de Toledo";0,629984774765956;0,258292587616218;0,00497943405461324;0,903583988291381;-1,0222013179379;-0,35446813988244;0,411781593204304;0,0551863135762872;0,0544020218822938
"Penápolis";-2,397248553477;-0,353733842439902;-0,043176939575714;0,555657728358138;0,790344156210487;-0,731278952519283;-0,187891815992247;-0,811409788280441;-0,336826900101552
"Pereira Barreto";-1,0589410416813;0,487637807297209;0,680609812788121;0,590970038412505;0,167572919043244;-0,5698714842035;-0,116277299198036;0,334261427347474;-0,135710413519473
"Pereiras";0,836847290783369;-0,130985744410259;-0,364400398821505;0,577264564962486;-0,624173184337452;0,0219435573960558;-1,2215477598795;0,539318990170487;0,160633265876158
"Peruíbe";-3,39018316251475;0,109114081982891;0,315913869332583;0,399784257997665;0,236527085067837;-0,419844346461573;-0,0849926614228587;-0,999144751526983;0,594479096804274
"Piacatu";0,965457179620494;0,427211919315321;0,235492199253151;0,0024116219148738;0,401969700732245;0,0272632429751801;0,744081761235494;0,0207757824129961;0,0101111107327426
"Piedade";-0,632346035228443;-1,29475071537115;-0,291720784005205;0,7513277927899;-2,41426468127921;-0,642322480153256;-1,01291387981381;-0,965046790158837;-0,399058652413812
"Pilar do Sul";0,252515559339659;-0,0925980147323575;0,749254996527628;-0,345273750732078;-0,683520382031955;-0,239155525673915;0,233159731946902;-0,495825314283613;-0,250397142649489
"Pindorama";-0,374683580660519;1,01700304234295;0,586094182365082;0,36304734821147;0,127765341393004;0,0865159142620999;0,570019550003751;0,0315250115050634;0,0154165015484397
"Pinhalzinho";0,499478438169217;-0,0558364887570971;-0,62778073632242;1,15892150354457;-2,30057182436011;-0,040530793855941;-0,113810106128323;0,0447406899864496;0,0211809580982373
"Piquerobi";1,76871270072073;-0,457120045411439;-0,116729300771474;-0,205420746095182;0,174612318902414;0,117265920306558;0,267627444726713;0,00526141514260511;0,0135770330035933
"Piquete";-0,547360643450707;1,0235072653091;0,119491906070017;1,21352596396128;0,507727319576588;0,168573833785083;-0,303656347461823;0,351715806757736;0,134756182724791
"Piracaia";-0,976578762907929;0,830412554537935;0,741522394839543;0,756933079554038;0,611510334235265;-0,137545842361185;0,0946250454996279;-0,0592589837419101;0,0760474870024515
"Piraju";-0,80170544641403;0,26446417078884;0,111740100287743;0,667646121728385;0,42373108187338;-0,267445568888757;-0,378295134260854;-0,0770708553349576;-0,0149235773198699
"Pirajuí";0,250939954003915;0,0117702671862645;0,62780286152133;-0,0767981862791952;-0,22903146004818;-0,170907312749212;-0,667537320665139;-0,116997372219482;-0,0617439529158555
"Pirangi";0,762419781614685;0,27967550034008;0,866067033641402;-0,749421819154489;0,21705277437571;0,280807343239072;-0,414921074621662;0,111267553421501;0,0573180346915298
"Pirapora do Bom Jesus";-2,57311808132166;6,38982697264518;-7,0193714707664;-5,09907961205531;0,0777904707714307;-2,276026463293;-0,468609734758798;-0,201316747850204;-0,0827886995323073
"Pirapozinho";-0,904017068831606;0,789169983632206;0,408652236019935;0,932877184864596;0,410755261758408;-0,274055092470848;0,111695895195131;0,0320896714063697;-0,121395914189982
"Pirassununga";-3,03299223374061;-1,12388684787563;0,765709688303388;-0,332225548524816;0,0284871298455796;-0,937061343151705;-0,273195630514966;-0,820929700964275;-0,506582335758499
"Piratininga";0,397959626303552;0,35100528470511;0,686369141570005;0,127842004245619;0,0525713301780629;0,0380444836328737;-0,910773353092621;0,351342890550349;0,153840746804786
"Pitangueiras";-1,27501118676574;0,37553596646555;0,814019564248026;-0,141004327671902;0,230880610329631;-0,259739387737787;-0,271690816369174;-0,295949140858983;0,000437078205726498
"Planalto";1,37931122536367;0,0441083966281152;0,161338415624065;-0,12973783977119;0,347009517791863;0,0500182325526938;1,15959861988394;-0,152118273315713;-0,06219944553184
"Platina";2,41108238739881;-1,21009804317114;-0,100334487472026;-0,955169311324817;0,952983697009122;0,466389443939945;-0,0125937081843845;-0,117829495996431;0,013072002375641
"Poloni";0,801269701816134;0,428205025710662;0,247298868052436;0,194852145174547;0,493209417454679;0,208843366280919;0,345343939381327;0,179630040290251;0,030766426127728
"Pompéia";-0,910028037236584;0,74147754671658;0,57756660817115;0,928976651593589;0,178915702710479;-0,512407595326195;0,0332505866812435;0,380321929943969;0,020926526046395
"Pongaí";1,41774648093928;0,123400618865912;0,00861430540007015;-0,21728500331833;0,375608056852824;0,0885807566733168;0,937071085648332;-0,094123601583217;-0,0533424550169206
"Pontal";-1,34746312208181;0,261019382073506;0,933654585330041;-0,589343260748301;0,379019077646074;0,0699731910824347;-0,997098102273036;-0,33180583641032;-0,153619518336124
"Pontalinda";1,71522346065756;-0,183859913902782;0,344724037543813;-0,684493015061072;0,292319415708375;0,209484213939407;0,780172508915294;-0,188394768056127;-0,0364099724520719
"Pontes Gestal";1,03218205639216;0,47184793404987;0,0350918370297029;0,00608218570848544;0,200456558654921;-0,0741658994938081;0,377507905278558;0,249070812282521;0,0362289479018525
"Populina";1,81569229888677;-0,4250683858234;0,0151254977293557;-0,526338865942476;0,424722011262113;0,148547180139423;1,01556785530828;-0,257504756389868;-0,0526465510975985
"Porangaba";1,05878840657436;-0,30303014875293;-0,874023316649617;0,918901470226111;-1,88517821718868;-0,243977370913089;-0,70444714093671;0,283287902358476;0,0845365934978243
"Porto Feliz";-1,99163907841537;-0,64187538242209;0,312225789064524;0,371192480718607;-0,186644282808542;-0,664295917525285;-0,428742222211691;-0,494780843008086;0,1484561883956
"Porto Ferreira";-3,1438408919559;0,216950158510856;0,170312142968714;0,00597710804381335;0,0990513990297809;-0,0830892646362088;0,214796193349138;-0,559517394566508;0,114037769559379
"Potim";-1,9167894656893;1,76811355286489;-2,07916730580693;-0,310166937086418;-1,37658241095027;1,86328248430299;-0,379349134183972;-0,171528299818428;0,38455069921975
"Potirendaba";-0,268165895453822;0,6137460566246;-0,00556339597152997;0,871911074205805;0,381393892990832;-0,202788716330143;0,483637137620043;0,112496230546747;0,0108239914469981
"Pracinha";0,991119353223911;0,623082302737255;-2,46966745244764;0,218321554973821;-1,83207776437433;-0,563696475217736;-0,127753162443691;0,206845634117472;0,0219384515998901
"Pradópolis";-1,11220817045943;0,709125746909598;-0,065463380430754;1,09054895000702;0,370713258900298;0,0767809448899074;0,136765412660562;0,516800788494795;-0,0696728971318849
"Pratânia";2,0246019643836;-0,785097327425196;0,294937378701096;-0,962530270320039;0,147176569407535;0,410297670014917;-0,227094167665423;-0,0428011128749956;0,0576549482711384
"Presidente Alves";0,791630803193044;0,712173348050535;0,629215704693105;-0,312333608264847;-0,308307943345797;-0,0537572874578879;-0,832708148424753;0,531217120223017;0,156328844912365
"Presidente Bernardes";0,293048081678042;0,417797286943197;-0,134464026011872;0,582637774956756;-0,355474159939531;-0,358216355597359;-0,154195284755667;0,143892832923672;0,0372386153820603
"Presidente Epitácio";-1,35716404361839;0,343610359682974;0,423750249794234;1,00886961552841;0,440806839153441;-0,640629706029078;-0,21820278599517;-0,478875359152942;-0,2068664924729
"Presidente Venceslau";-1,48663167449932;0,42397073053458;-0,0224345724094904;0,639155594391233;0,709107952983212;-0,648021016908715;-0,20568250698748;-0,368830914483174;0,0480499379802206
"Promissão";-0,132029020095774;-1,67295810653129;-0,69374099892007;0,327900126432417;1,56685646647211;-0,0465994503539598;-0,91522782487609;-0,253546341295345;-0,188693517041952
"Quadra";3,08881167531738;-2,22914791719237;-1,60641126470585;0,0205236943745501;-2,18001474482349;0,0538697190541424;-0,0239441811168299;-0,284562896288392;-0,0341469242868516
"Quatá";0,661561202251768;-0,39979751413496;0,618300856207979;-1,18609056769741;1,16105461490519;0,197273262433588;-1,84545622241247;0,657721161337699;0,0148196170485941
"Queiroz";0,769336447325393;-0,0461577067864306;-0,500586935361466;0,686881856612026;1,01646795906109;0,0792346509042684;-0,894502172948598;0,800525214040879;0,130446693570833
"Queluz";-0,118681401082801;0,855470073566925;-0,395022016961517;0,996646476948154;-0,0794991915463545;-0,211292116166862;-0,314218015129962;0,357070788379723;0,155939377607478
"Quintana";0,550093785906865;0,699013164629126;0,5481268568876;0,422001710751253;0,428747731111585;0,000148114776462198;0,166756753573139;0,313064711636865;0,0714408253281786
"Rafard";-0,179122806404475;0,946816598297901;0,119120086181039;0,990072015247171;0,0504808725603231;0,0901558290396;0,165550737747177;0,390993149449223;0,151085172324584
"Rancharia";-0,652973093835922;-0,201544516450655;0,565710357183943;-0,182311556643696;0,348334514501298;-0,500291084484393;-0,748407931240232;0,235325699803162;-0,240051085650845
"Redenção da Serra";1,78605632236878;-0,560386369760097;-0,631889793133759;0,0402535464921569;-1,05288724996865;-0,0661349506812521;-0,279662039457522;0,121393697722765;0,0368812139773971
"Regente Feijó";-0,729573803794199;0,863675407726834;0,346970635765334;0,805785317621074;0,224208203429726;-0,0477070013391522;-0,418449759081381;0,326724536306976;0,0655047426917581
"Reginópolis";1,949759586574;-0,509975321955342;-0,412370044045212;-1,85404630357381;-1,10613809944744;-0,0437106206442184;-1,63753140785517;0,11836940023702;0,0982094703246998
"Registro";-2,13361366400818;-5,70893582262644e-05;0,333091477454386;0,126872205652476;-0,178911557328496;-0,819402947833022;-0,357173993375223;-0,731538607824367;-0,288847025530088
"Restinga";1,68721842150637;-0,726590671764658;0,260759761517438;-0,644334990068717;0,375188260646292;0,362650862391751;-0,409909989577968;0,0511150574130988;0,100610577017102
"Ribeira";2,31910076536959;-1,48885498089996;-1,23776607286218;0,395040826722602;-1,74931100692042;0,00119312875399807;-1,17930033158921;0,259411484204266;0,116358006149508
"Ribeirão Bonito";0,679537188044755;0,588592294739592;1,04871751086388;-0,841976684628283;0,0606999132296547;-0,0710088898983527;0,55908523870862;-0,186461959734968;-0,0197702045946161
"Ribeirão Branco";2,06162312993178;-1,9876366985544;-0,5827747591932;-1,04250970877035;-0,791191749226732;0,182899067572226;-1,95585555640534;-0,207664138818774;0,0846136318308633
"Ribeirão Corrente";1,37002058524707;-0,0407055892422526;0,874987668171095;-0,824565580438233;-0,341693714848504;0,261932255687454;-0,594575300308978;0,297801249424476;0,110924028417589
"Ribeirão do Sul";1,17816290234785;0,122516963688337;-0,26744190201181;0,234758201443236;-0,277971955246532;-0,0274478696471843;0,192698007871902;0,157883709332749;0,0117679632852703
"Ribeirão dos Índios";1,19917263177201;0,197907897785989;-0,38829810384818;0,42485921269171;0,68882282201282;0,0149035109934254;0,662468073509238;0,143615793353456;0,0175210168363731
"Ribeirão Grande";2,10803735404172;-2,15648793691452;-2,63958085513177;1,90135858625479;-1,09111787273551;-0,0748565940641938;0,0339251379101149;-0,076398800175176;0,0382448412809043
"Rifaina";0,87510104406128;0,107246491251023;-0,295217929735351;0,754284109443673;0,99893712864885;0,135905649257289;-0,000488615921928379;0,381132981616398;0,173743237255934
"Rincão";1,10297906810666;0,0609197216731415;0,950342253344083;-0,686534763226363;-0,453399606888618;0,0931022832761512;0,359736175851723;-0,168848346798936;0,000244379951300389
"Rinópolis";0,386750892411675;0,823283832890321;-0,0672453013194944;0,305800857552804;0,163090523026999;-0,187210614307686;0,374834553136148;0,0835219849403;-0,0481264856122914
"Rio das Pedras";-1,98601538949113;0,764782451101166;0,24262373232358;0,488848701615327;0,166731690306224;-0,107943659774404;0,0381577603484639;0,285150923496857;-0,112796795022941
"Rio Grande da Serra";-5,41531178572996;0,813232455864609;-0,823673242233468;0,213478999637778;-1,03833004347775;7,69645593925542;0,328743094398656;-1,18304354620888;0,933126763087836
"Riolândia";1,06561144298864;0,166777436871108;0,657830902437146;-0,577772580531578;-0,528181965816562;-0,126272400272647;0,366009318730377;-0,154899998916654;-0,0218201280858822
"Riversul";0,827326676944062;0,412892195362901;-0,196830113705244;0,729147501633542;-0,601480196371404;-0,219862560364558;0,31773720844184;0,176662602069749;0,0103563898651447
"Rosana";-1,07512687185637;0,719898688173357;-1,09261130679467;0,277655216408461;-0,242207735589521;-0,962367552485432;-0,310043899113267;0,642906667795835;-0,224405645549266
"Roseira";-0,615788513203921;1,38910289461938;0,507336950147846;0,969174432085739;0,133522685320698;0,0728286553877109;-0,14028648362414;0,595408722708362;0,114310891408191
"Rubiácea";2,6969391444729;-1,81220785661741;-1,1151576243376;-0,149098810892363;0,0651071564333423;0,33200269440405;0,102092557666993;-0,154050249879698;-0,0299114150536281
"Rubinéia";1,14768137577922;0,0625613190468988;-0,28558660485398;0,216356835057401;0,554724676364492;0,034712170975946;-0,215212547211457;0,34107556814003;0,172074280026404
"Sabino";1,43473797028722;0,21634475742734;0,686315212491863;-0,837711484360207;0,183009836713355;0,0798404647483105;1,04152850625591;-0,223594966850681;-0,0726201095496055
"Sagres";1,31579128242786;-0,163559432473014;-0,959158147931205;0,643584296820145;0,524227285360801;0,0328779247436737;0,190915830239828;0,22663349380898;0,0621013593746121
"Sales";0,799306300635714;0,835745382153299;0,406714042315669;-0,439990679594614;0,138126032754191;-0,151255026485409;0,685869111294912;0,0336812377851165;0,0324423849930099
"Sales Oliveira";0,452286534978811;0,665326109716837;0,814712867036951;-0,584524842693527;0,0541402334154138;0,00481249901987518;-0,356041457320785;0,22691600388175;0,0477863836853405
"Salesópolis";0,930964755096632;-0,478832218915891;0,338051357650724;-0,111140982045589;-1,24403728511285;-0,0442467042078693;-0,777565484240307;-0,00318336818423488;0,07151729185141
"Salmourão";1,09338050122179;0,373620171988078;0,128383252243801;-0,474709895849921;0,63341269713568;0,14107389279441;0,220233171471966;0,100961923330208;0,0210654395897456
"Saltinho";0,0834282934357034;0,663290185115621;-0,381928549163366;1,25155631655141;0,159401837814133;0,153909944363734;0,199954536446979;0,385798513874037;0,111833351050707
"Salto de Pirapora";-1,69175631175194;0,00257055122749833;0,00683881763207786;0,956431941786598;-0,713601201286321;-0,0730356566041198;-0,434471884755794;-0,376441933686345;0,077154057432313
"Salto Grande";0,184500785463274;0,839821302083104;0,358109302012825;0,465501836298056;0,214547782069073;0,0347989566313866;0,158640463614041;0,276223720096776;0,0563537025137516
"Sandovalina";0,865123762982282;-0,231806574366304;-0,51698991332866;0,717599764859424;-0,257608268743014;-0,15907989606256;-0,658761297775705;0,734117983563273;0,0463616561372635
"Santa Adélia";0,982503362211321;0,0380455620648008;1,14354974581658;-2,01480223939919;0,501582826332756;0,254834475744789;-0,579420140483477;-0,139289201662925;0,0582759035983818
"Santa Albertina";1,45805022434099;-0,193489061970388;0,478991566193077;-1,02979101327839;0,510230482185775;0,27471185442815;-0,767215311757258;0,203663303051328;0,144764936885476
"Santa Branca";-0,234873647660646;0,907169667532231;0,532034606639419;0,435308544060235;-0,139646790718995;-0,09468585732244;-0,550663045690539;0,342161985494825;0,179454991210469
"Santa Clara d'Oeste";1,2151541366466;0,0448430603089964;-0,55849060258534;0,69045376589714;0,120214787914249;-0,0500765666851622;0,307006584902344;0,251539347163636;0,074919973169142
"Santa Cruz da Conceição";1,41708811404151;-0,138773910324202;-0,0560929717298895;0,0222891513936391;-0,832434289395898;0,00276674938597254;0,356765889495931;0,0553732081473204;0,046844455638386
"Santa Cruz da Esperança";1,34257622023323;0,201838382677141;0,384113167851475;0,143457582086913;-1,19846421697116;-0,081820165062774;0,164291649340975;0,243090928001274;0,0541401520085219
"Santa Cruz das Palmeiras";-0,600817854005076;0,55110093555703;0,883587175314787;-0,759904096703953;0,295851647199898;0,185106638424499;-0,582176792546986;-0,363491434526658;-0,0373195451019734
"Santa Cruz do Rio Pardo";-1,08707387863284;-0,794177333851465;-0,187638585530594;-0,00165121092838103;1,09801540896928;-0,518432017952883;-0,630833933998276;-0,336635083144128;-0,447756894614399
"Santa Ernestina";-0,0504770690964412;1,82053825268601;-0,12480584780924;0,151127922868898;-0,0433857444031302;-0,308163194400864;0,568548466053084;0,270360125719369;0,0162959223171799
"Santa Fé do Sul";-1,83289340032064;0,343577941060854;-0,164684262006167;0,858247521664656;0,670961427118702;0,0359063219193077;-0,0857751507230224;0,0897706931890304;0,355414213731328
"Santa Gertrudes";-1,89843312440804;1,30036828977538;0,125621783526019;0,655369455311527;0,139671248253717;0,689235853934327;0,0241083364756326;0,213863588402365;0,335810171412876
"Santa Isabel";-2,14749701591487;-0,397776489922203;-0,0340665117686604;1,12094097595954;-0,567584569833045;-0,269294667136822;-0,500963652187527;-0,57419182476113;-0,0368030389777865
"Santa Lucia";0,679270458622549;0,574579868322864;-0,0301095714111042;-0,0246921324319618;0,84394666600764;0,193635287690945;0,988681506197251;-0,142174620231934;-0,062648088277598
"Santa Maria da Serra";0,850660447546906;0,562520192666445;0,426831525055894;0,225260114087572;0,212853951180116;-0,00835426376162968;0,916614737869991;0,034317049398136;-0,0291111417880527
"Santa Mercedes";1,87228407524662;0,0254827725199176;1,04742773627278;-1,82723063954033;0,103627679183678;0,288817662551236;-0,030797002037684;-0,043080937188424;0,0429479889453397
"Santa Rita do Passa Quatro";-0,670574161933634;0,369208732111809;0,547670118832573;0,211302412359629;-0,0395916083537928;-0,547305506503064;0,424529892807729;-0,21622899946113;0,016217922275874
"Santa Rita d'Oeste";2,18573458274994;-1,68543904439213;-2,52855010823159;1,02884627393976;1,90360031733005;0,304486690534288;0,338677752117276;-0,0283920691407161;0,0164762308822074
"Santa Rosa do Viterbo";-1,22635469474143;0,877622129682659;0,494350782959168;0,917222805733346;0,24042500763421;-0,111544094441501;-0,119471276215525;0,238926432922874;-0,0357063322974916
"Santa Salete";1,96236682272179;-0,418452002621599;-0,667772556325701;0,31540145176535;-1,3109130887325;-0,126762096861122;1,59824888288663;-0,310229530377864;-0,124396813149985
"Santana da Ponte Pensa";2,27427066835058;-1,18235560218299;-1,36907763448502;0,146281759196021;0,6243756501471;0,237579542455692;0,379365342625613;-0,0898409582258339;-0,0116479864213766
"Santo Anastácio";0,0153545647541615;0,214556285154439;0,552711143012281;-0,121833375929847;0,721432790995694;0,00815200538070193;-1,02088802964024;0,135415861054675;0,0390152928792561
"Santo Antonio da Alegria";2,26229650307546;-1,45302776842638;-0,572193299556173;-0,418960060331258;0,919375110562565;0,442503168770654;0,219392066933711;-0,240465514987691;-0,0383224689548073
"Santo Antonio de Posse";-0,848537521964101;0,749393142475984;0,279619849003536;-0,212571041010259;-0,0610825767303092;0,271006511687596;-0,415471142380613;0,119207449819194;0,182331189802521
"Santo Antonio do Aracanguá";1,35555618449453;-0,477326530396811;0,212290984288247;-0,858174771074726;0,0950106001176301;-0,0496064292863674;-0,364271265163089;0,162744604561682;0,0981223259054253
"Santo Antonio do Jardim";1,40488724821388;-0,357676046681227;0,159795283538164;-0,36629342902204;-1,50610199542831;0,243842760622902;-0,954361865228626;0,282420330963993;0,113779622677324
"Santo Antonio do Pinhal";0,640300209544626;0,177498375654951;-0,461905869521235;0,956993590670112;-1,47745857128181;-0,0990008678250743;-0,6999699782259;0,457795048319222;0,215125166339665
"Santo Expedito";0,297085257213738;1,37246813111874;0,320554514206647;0,440925398586393;-0,189909532584248;-0,146069366803769;0,246150027480816;0,450169095431655;0,0863723469622871
"Santópolis do Aguapeí";0,466498784784492;0,98380623817401;0,365413280429884;-0,0331641509004907;0,72591978664636;0,068364996998311;0,0674600752892607;0,357263807041201;0,139192431029936
"São Bento do Sapucaí";0,960518877674118;-0,436122386725494;-0,738355814263042;1,17437205743092;-1,94645087280152;-0,196363823737031;-0,242981290281723;0,118395467282396;0,0554845792033303
"São Francisco";1,50560174700951;-0,164997802341531;-0,549641579568571;0,335171239698137;0,288007707177333;0,187078620103663;1,38301696165704;-0,201477075654399;-0,0631195717621088
"São João da Boa Vista";-4,29190412118799;-1,2551485316976;0,38263979920993;-0,33528610184365;0,293820302559526;-0,952318889302206;-0,548740962542094;-1,09479586263354;-0,15378000888423
"São João das Duas Pontes";1,80254601460857;-0,695617462925702;-0,5795542852226;0,260100852601348;0,682572673647475;0,278736386627275;0,530302215814143;-0,0145643415866234;0,018625153370373
"São João de Iracema";1,97692103771795;-0,838748040780592;-1,26024489810291;0,134148745503086;1,56598164521762;0,230316357279419;0,910374238968742;-0,146212794985295;-0,0152831819311837
"São João do Pau d'Alho";1,01315751991523;0,38276499114454;-0,396267917009347;0,564205406052052;0,267660025615717;-0,0301910534029509;0,432441629989534;0,266853582533473;0,0288430107806392
"São Joaquim da Barra";-2,41261010081104;0,343323002555931;0,701153579621405;0,736219835554757;0,243332001689358;-0,299439331500103;-0,0563651662773272;-0,19696990620349;-0,482313937742982
"São José da Bela Vista";0,79638491605413;0,366906782993091;0,72608671754988;-0,419978247398099;0,240235932873884;0,134747984078126;-0,196426137829787;0,201894187119647;0,0133944643038051
"São José do Barreiro";1,01203141776841;0,360902132136187;0,0599798588754939;0,227867360736232;-0,876251283214592;-0,225354566119869;-0,401094848163884;0,379375904325901;0,136063953651097
"São José do Rio Pardo";-2,51892336526549;-0,377046736371005;0,202362542624853;0,310745559104276;-0,0802700083438073;-0,517302257038144;-0,375949933907212;-0,406472424875649;-0,098489183961846
"São Lourenço da Serra";-0,766654038575271;1,19429225068621;0,232632274183989;1,30132495846817;0,0507760202852456;-0,0335943780999597;-0,182203951342439;0,421494206181362;0,192317520376156
"São Luís do Paraitinga";0,864424354075307;-0,423116762628493;0,085306050248538;0,325347582848563;-1,46221467753992;-0,329303055775372;-0,732807034977729;0,227691402548298;0,425335751619034
"São Manuel";-1,69546692846233;0,77922561987495;0,257151875003754;-0,208657936998816;0,282918960067213;-0,700192862779781;-0,122726162735789;-0,188904913068712;-0,370443516588048
"São Miguel Arcanjo";0,953722479363584;-1,09820590813002;0,597298171846783;-1,2796449952241;-0,944917556752545;-0,201327238075772;0,137031139602193;-0,906758201530109;-0,38321826687421
"São Pedro";-0,560525349126478;-0,261134512952438;-0,0377978613702467;0,731958866350376;0,289180782954254;-0,316099637010105;-0,00922256169546298;-0,381232180608619;-0,0316235859382175
"São Pedro do Turvo";2,04065548454097;-0,952543016823925;0,106196302293361;-0,961116333102606;-0,028148911362222;0,19464230025267;-0,246096955703377;-0,124727732461421;0,0119166090542083
"São Roque";-4,34252555116523;-0,53923253197135;-0,191112778508889;-0,053144091667264;-0,320523742005268;-0,311007095689535;-0,368699180020472;-1,23244640555963;-0,0700160980268566
"São Sebastião";-7,03008599651085;-3,14354104365263;0,490874140661662;-0,85770357319947;0,177655629307164;-2,38020722748974;0,869120888977492;0,294725663379881;2,39691415881743
"São Sebastião da Grama";1,1707024645937;-0,55474714997814;0,288235068997259;-0,613745312592421;-0,935616970287403;0,204577178826957;-1,3601737509025;0,197482559551083;0,124803313315465
"São Simão";0,197137903946154;0,632841501116569;0,799338377101545;-0,0526088076398812;-0,0743730102954093;-0,283457834662681;0,765319806900987;-0,0925319204305396;-0,0215276139412521
"Sarapuí";1,2802245479136;-0,119914284567618;0,211392257542463;-0,0808053516200869;-0,542129604882854;0,000641650985074081;0,733260072058607;-0,195754925473737;-0,143724908742765
"Sebastianópolis do Sul";0,454791389149726;0,711694414259358;-0,437367518624438;1,2539866748087;-0,251692550860431;-0,257391025051786;0,354145914635888;0,485540031075696;0,0636369919463092
"Serra Azul";0,536296583284819;0,889897979569376;-1,30944276427352;-0,487847341435919;-0,711723488831627;-0,482235405611286;-0,0940743542705773;-0,0509867764583897;-0,0515950765338114
"Serra Negra";-1,09524721343112;0,328852061847635;0,0515664560242546;0,944295074590775;0,0132605482585574;0,199189836791519;-0,256157854076314;-0,0337752006907705;0,19015190679282
"Serrana";-2,78168818793663;0,700333377224039;-0,0587722427321902;0,210649671394466;0,156466949390875;1,05070913995022;-0,224839070615688;-0,209313336133245;0,142711608818396
"Sete Barras";2,44660261536231;-1,38868471680073;0,264076800196166;-1,89504453679354;-1,4459716861265;0,0065026430973284;0,00544108765887308;-0,608201262529147;-0,16265155511906
"Severínia";-0,638571635702153;1,13497224246503;0,284509769898472;-0,0450292865644483;0,190008912023325;0,195763953748815;-0,145051556727339;0,184980957486159;0,181045654936216
"Silveiras";1,91406543473407;-1,17457559525255;-0,862480210823475;0,560201382203795;-1,15025876364098;-0,0227113945764452;-0,25646449017212;0,0407133724922958;0,0879451532937103
"Socorro";-0,840465209951481;-0,189825306081058;-0,088786473354229;1,1526976940299;-1,18335953594253;-0,33614501661424;-0,209774395445342;-0,44022938026259;-0,244380978511845
"Sud Mennucci";0,616548118405088;0,293638991793779;0,419281424244593;0,363426886244921;0,206227846037569;-0,109399279968017;0,19170291027241;0,296010167125724;0,0635321028436628
"Suzanápolis";1,99463484126396;-0,963908310057024;-1,05654459000342;0,246194065866463;0,186467949863843;0,0422458427046945;1,01754625683766;-0,194849920010278;-0,0847627817342913
"Tabapuã";0,911475364143821;0,429528886654336;0,573818521116985;-0,920497759166785;0,354541543688524;-0,0198279453620439;1,28747325455324;-0,418605328501479;-0,146678446133814
"Tabatinga";0,750890517119095;0,0177277596333143;0,0617412800124529;-0,0440743123024111;0,337302757161709;-0,0221128700215696;1,18061702160047;-0,438532014084057;-0,125768427933037
"Taciba";0,552782460879338;0,125951545022733;0,0048785781680914;0,470185895353744;0,546456719799464;-0,0519714928060169;-0,827850143161338;0,739764629584254;0,0875643947333285
"Taguaí";0,0804362563669677;0,606595799548155;-1,56224235490456;0,829460389293645;-0,300318443518585;-0,140008732100009;-0,227763968578853;0,265048254388494;0,0130402303148438
"Taiaçu";0,815130026509707;0,668178180281719;0,962665817821204;-0,836149977444315;-0,0201145809855083;0,293733642741956;-0,0191477874098883;0,149890492045814;0,103779559709168
"Taiúva";0,612263601217774;1,05075458139197;0,674050006440287;-0,291016990317129;-0,0888837162388353;0,00458230070794709;0,930156300255829;0,015484792551848;-0,00676827204875084
"Tambaú";-0,179132486263186;0,362921469775058;0,740829226958173;-0,166764512948405;-0,158650478891645;-0,343288363794189;0,71541413394452;-0,305593256762018;-0,0622225396777832
"Tanabi";-0,472064817167637;0,759808196197151;0,316926735072854;-0,0513239595162674;-0,0419670925423913;-0,560580039920927;0,51214022546991;-0,279067903567111;-0,0763769759097255
"Tapiraí";0,435823917166737;0,591892839632777;-0,0507806108262475;0,976958845516116;-0,898906709533163;-0,378999177836979;-0,213287644649423;0,382871395264331;0,0973675027980761
"Tapiratiba";0,503087753939183;0,362869595011075;0,450034834886638;-0,621557495093119;-0,344709482534468;0,0623381040393658;-0,33142062161817;0,0561984665956933;0,0859665180292395
"Taquaral";1,34131864548623;0,440254049344978;1,52046341967733;-1,6884320261201;0,351383056263152;0,578830363673341;-0,459155912318647;0,210673399032766;0,144029267942652
"Taquaritinga";-2,09725030837372;0,0117406274824532;0,634151054925624;-0,12689499885078;0,0952945977992303;-0,666194045927238;0,131706662107605;-0,960977603950431;-0,133577564693483
"Taquarituba";-0,29011479360255;0,428567656791718;0,336742699335964;0,255868741474484;0,0608090036178313;-0,212855793498431;0,0067251392415382;-0,11067468063593;-0,0354069409963271
"Taquarivaí";2,84387144166446;-2,15378797437793;-0,922475632784691;-0,662387987005929;-0,0844689483745224;0,473570533854906;-0,46851397260304;-0,191659688550165;0,0190957697685644
"Tarabaí";0,355192784940914;0,901805423222486;0,579578642289901;0,401609830307368;0,335138640589226;0,044397237980549;0,0471122607711477;0,337266943746412;0,100890228973188
"Tarumã";0,201326063129943;0,251103307770319;0,721675451618146;-0,741932876421308;0,611036352991825;0,0958748300911507;-1,04330016621127;0,472103534597597;0,127969378238286
"Teodoro Sampaio";0,208052578047443;-0,370783089296051;-0,407194629834398;1,02931741826756;0,555207266800179;-0,345022654610547;0,336868032852582;-0,212309381330236;-0,0340343366876219
"Tietê";-1,93370753127609;0,0665013134126779;0,368065084098114;0,748264562912672;0,0612499853334429;-0,428364194045324;-0,127711070922056;0,085361391273609;-0,0997153246500598
"Torre de Pedra";0,577968296732374;0,691146391777056;-0,295612126177113;1,39100261366565;-1,33137742167875;-0,204438229611218;0,00953496204642212;0,524108266922986;0,12122740744401
"Torrinha";0,595491144060274;0,485660939958088;0,471110565540603;0,229966773050854;-0,0160631873237182;0,00466666147438661;0,057571454864715;0,167051570572685;0,00325514661159402
"Trabiju";1,32309234099477;0,159792684930897;0,434597230901253;-0,453163901462063;0,911062199805639;0,34925085616207;-0,174205760788939;0,297885680041291;0,13164034054257
"Tremembé";-1,93772103210987;0,397460319404127;0,0543230070135848;0,806053137301037;-0,0493074074741309;0,563252643752383;-0,28673235603671;-0,582679190058138;0,102253034634348
"Três Fronteiras";0,895774495702263;0,337652006659059;-0,171153326968521;0,40040931137296;0,385657587661371;0,0867658920615894;0,755521290812382;0,0351843394677614;0,00436049035151854
"Tuiuti";1,24457041866464;-0,191799488622742;-0,241862306921698;0,554692970841737;-2,20885987046414;-0,0487535089714567;-0,16817646759152;0,164989660720617;0,0512568024024262
"Tupã";-2,60904832088219;-0,480796114687621;0,163824457549253;0,749718539931349;0,775413511149054;-0,555965286546994;-0,340718870346853;-0,88185599205792;-0,500440740234967
"Tupi Paulista";0,254812523926221;0,212573654645837;-0,0839434888882017;0,486273464267451;-0,228125278677756;0,0140842610202728;-0,190165492002477;0,106001957934284;0,0488351643626286
"Turiúba";1,44336523555577;0,0455898273162588;0,196675506944282;-0,102085461842419;0,217478498726332;0,110667156483405;0,452086452384928;0,129813480544921;0,0255297995353936
"Turmalina";2,2286485864074;-0,488367563510652;-0,0065709671747001;-0,838868294603546;-0,390787095682539;0,102216645763703;1,35986865914647;-0,410163835108301;-0,115628040566549
"Ubarana";0,768088197656228;0,613776149996411;0,684493902050338;0,0192359829523594;0,313712066832026;0,0387606803045128;0,78669933949375;0,0845930439730455;0,049151292174912
"Ubatuba";-3,89941580514221;-0,714518825502404;0,610779569457714;0,618374337197717;0,382958034961237;-1,26824497484279;-0,212991877107528;-1,4693443415387;0,542347667372397
"Ubirajara";2,42566985313835;-1,33516447828231;0,106885329266683;-1,13948705350883;0,439702393746098;0,505695476500852;-0,692732908811115;-0,0199235185305275;0,0881985375941786
"Uchôa";0,181679025399746;1,03216698468153;0,43548945516655;-0,0583727492343867;0,159214330472536;-0,167639688647984;0,615579973391676;0,0756619622429256;0,0726368100845821
"União Paulista";1,64123602409963;-0,347588248751875;-0,00321035123080865;0,00762898419010255;0,158475713817558;0,248707786683697;0,13619457520954;0,175096677328624;0,0659336599751612
"Urânia";0,820993009726525;0,340475554671866;0,252220508664446;0,0335576260348282;0,0375517217201545;0,103830065602001;0,604235690755742;-0,0577054677154147;-0,0625955979905586
"Uru";1,6173137173246;0,234213205027783;0,180345021831164;-1,41959366315239;0,474137809278925;0,11294674494819;-0,521757886780018;0,249626039990641;0,0867321404883662
"Urupês";0,261470628666852;0,686169766711884;0,403414150915866;0,0192283049160385;0,0766329531313948;-0,102656624018804;0,357318870607843;0,0158266487070455;-0,0247619259270166
"Valentim Gentil";-0,458869999745555;1,19046823030761;0,489272399909947;0,907422781228197;-0,0861556425834362;0,0500690596298687;0,143817555494664;0,395519687962614;0,0852752142336616
"Valparaíso";-0,439544939046605;0,68411171101011;-0,0410474820642692;0,0137338409815375;0,682237051231517;-0,483013575123075;0,192552061979111;-0,0895097348959129;-0,125074870352088
"Vargem";0,698713238374137;-0,146675469510105;-0,793696523548235;1,54201387230629;-1,90016624721635;-0,0583034390591115;-0,315826133917348;0,27432108997168;0,0957760600436979
"Vargem Grande do Sul";-1,75504317312596;0,613324616794828;0,522538699256989;0,44174268448946;0,0522210969008309;0,108988500965904;-0,166561031693725;-0,46122883519681;-0,0457540375981976
"Vargem Grande Paulista";-5,09387511679902;0,456163473613048;-0,544022753426239;0,174111108398194;-0,750418949395521;6,11718729782313;0,277363756477025;-0,813192821257659;0,946898492834374
"Vera Cruz";0,436796383121833;0,676604979251996;0,738577253754979;-0,328908294542933;-0,164222140335445;0,0790475099972677;-0,615086484058082;0,258743690442;0,0726322312911022
"Vinhedo";-9,2070278059606;-3,57923513355028;-0,714476765141467;-1,98879797871972;-0,860047616019145;2,42222809001159;1,61368958738776;2,780715611605;-1,36806235058139
"Viradouro";-0,497322718086968;1,09626538433583;0,365792341711971;0,150593520338859;0,374944047971211;-0,0159159712762596;0,383198925677071;-0,0622539347649472;0,1117945981112
"Vista Alegre do Alto";-0,0452148100929162;0,993200529414412;0,461914708704259;0,567935019492096;0,198293153977967;0,228103732239036;0,0148909186756289;0,470099672656896;0,123128865687713
"Vitória Brasil";1,18079313738771;0,29829731913601;-0,635880704758407;0,444425336506317;0,498812735893887;0,106468822616513;1,12996492766766;0,00177091489358644;-0,0370432571301665
"Votuporanga";-4,15741823206111;-0,750321994229259;0,478693385463301;0,432063926890159;0,23611004721472;-0,464843475115743;-0,232857702880775;-1,49183677362796;-0,284942460625755
"Zacarias";2,07660366200843;-0,547842889054105;0,290224740842466;-0,959715007829488;0,208402810208109;0,197780980702822;0,576951528913647;-0,155609257442963;0,022856894818948
